image_path,dataset,chi2_score,semantic_score,decision
test/t5/1.png,streethazards,48.5741,-1764.4592,stage2
test/t5/10.png,streethazards,72.8339,-1854.5074,stage2
test/t5/100.png,streethazards,61.5426,-5951.3848,stage2
test/t5/1000.png,streethazards,52.3789,-1783.7893,stage2
test/t5/1001.png,streethazards,49.845,-1778.6172,stage2
test/t5/1002.png,streethazards,34.6044,-1621.3038,stage2
test/t5/1003.png,streethazards,73.215,-3922.7634,stage2
test/t5/1004.png,streethazards,111.9954,-2373.0859,stage1
test/t5/1005.png,streethazards,30.5505,-1312.8307,pass
test/t5/1006.png,streethazards,81.3554,-1645.3363,stage1
test/t5/1007.png,streethazards,72.71,-2001.1913,stage2
test/t5/1008.png,streethazards,74.0242,-2086.7561,stage1
test/t5/1009.png,streethazards,42.2807,-1815.0552,stage2
test/t5/101.png,streethazards,92.0003,-4801.0688,stage1
test/t5/1010.png,streethazards,39.8183,-1685.1914,stage2
test/t5/1011.png,streethazards,39.242,-1676.5476,stage2
test/t5/1012.png,streethazards,28.3856,-1684.2634,stage2
test/t5/1013.png,streethazards,61.4755,-1727.5964,stage2
test/t5/1014.png,streethazards,38.2926,-1044.9691,pass
test/t5/1015.png,streethazards,14.7793,-2102.6008,stage2
test/t5/1016.png,streethazards,20.7019,-1797.3425,stage2
test/t5/1017.png,streethazards,22.1176,-2141.3149,stage2
test/t5/1018.png,streethazards,19.1717,-1477.0139,stage2
test/t5/1019.png,streethazards,39.8503,-2378.77,stage2
test/t5/102.png,streethazards,63.6133,-4224.5596,stage2
test/t5/1020.png,streethazards,37.0603,-2489.8711,stage2
test/t5/1021.png,streethazards,22.5772,-3424.574,stage2
test/t5/1022.png,streethazards,19.8234,-3777.4243,stage2
test/t5/1023.png,streethazards,28.6382,-2124.4189,stage2
test/t5/1024.png,streethazards,18.5372,-2230.3186,stage2
test/t5/103.png,streethazards,19.738,-4189.7666,stage2
test/t5/104.png,streethazards,79.8976,-2891.5874,stage1
test/t5/105.png,streethazards,76.6824,-3266.8074,stage1
test/t5/106.png,streethazards,116.8555,-2026.7793,stage1
test/t5/107.png,streethazards,64.838,-2074.8533,stage2
test/t5/108.png,streethazards,79.3494,-1981.4471,stage1
test/t5/109.png,streethazards,58.9459,-2111.0127,stage2
test/t5/11.png,streethazards,44.6356,-1875.4237,stage2
test/t5/110.png,streethazards,76.325,-2111.989,stage1
test/t5/111.png,streethazards,90.991,-2039.5,stage1
test/t5/112.png,streethazards,81.8375,-2041.2188,stage1
test/t5/113.png,streethazards,84.055,-1615.6765,stage1
test/t5/114.png,streethazards,63.2242,-1799.0834,stage2
test/t5/115.png,streethazards,60.5536,-1898.2355,stage2
test/t5/116.png,streethazards,103.5727,-1830.7998,stage1
test/t5/117.png,streethazards,63.0949,-2216.3347,stage2
test/t5/118.png,streethazards,53.6002,-2009.6603,stage2
test/t5/119.png,streethazards,58.778,-2363.0566,stage2
test/t5/12.png,streethazards,152.9447,-2590.415,stage1
test/t5/120.png,streethazards,71.4948,-1576.0959,stage2
test/t5/121.png,streethazards,49.5551,-1901.8104,stage2
test/t5/122.png,streethazards,30.3334,-2231.0796,stage2
test/t5/123.png,streethazards,62.8105,-2197.334,stage2
test/t5/124.png,streethazards,44.8697,-2028.42,stage2
test/t5/125.png,streethazards,66.3794,-2250.2795,stage2
test/t5/126.png,streethazards,66.4304,-2072.8003,stage2
test/t5/127.png,streethazards,73.8838,-2741.2859,stage1
test/t5/128.png,streethazards,22.6483,-4190.4897,stage2
test/t5/129.png,streethazards,44.7408,-4301.3784,stage2
test/t5/13.png,streethazards,98.1116,-2350.1772,stage1
test/t5/130.png,streethazards,29.715,-4548.2178,stage2
test/t5/131.png,streethazards,82.0987,-7091.9624,stage1
test/t5/132.png,streethazards,83.3845,-2354.0564,stage1
test/t5/133.png,streethazards,99.3255,-2367.9099,stage1
test/t5/134.png,streethazards,79.647,-2012.4851,stage1
test/t5/135.png,streethazards,115.0544,-1820.3706,stage1
test/t5/136.png,streethazards,97.9066,-1737.0858,stage1
test/t5/137.png,streethazards,109.8278,-1916.3457,stage1
test/t5/138.png,streethazards,104.8209,-1789.1295,stage1
test/t5/139.png,streethazards,63.7085,-1891.4177,stage2
test/t5/14.png,streethazards,76.3663,-2311.084,stage1
test/t5/140.png,streethazards,78.8107,-1933.2502,stage1
test/t5/141.png,streethazards,73.9394,-1669.7158,stage1
test/t5/142.png,streethazards,80.3595,-1550.0475,stage1
test/t5/143.png,streethazards,83.2815,-1824.2053,stage1
test/t5/144.png,streethazards,77.587,-1855.8912,stage1
test/t5/145.png,streethazards,88.0879,-1848.6978,stage1
test/t5/146.png,streethazards,114.4221,-2046.0575,stage1
test/t5/147.png,streethazards,95.6781,-1802.0442,stage1
test/t5/148.png,streethazards,56.2433,-1709.9312,stage2
test/t5/149.png,streethazards,60.2447,-1789.3264,stage2
test/t5/15.png,streethazards,80.7239,-2039.4238,stage1
test/t5/150.png,streethazards,86.7205,-2025.5642,stage1
test/t5/151.png,streethazards,89.2728,-1981.8024,stage1
test/t5/152.png,streethazards,90.8394,-1748.6237,stage1
test/t5/153.png,streethazards,82.5443,-1798.6608,stage1
test/t5/154.png,streethazards,138.3664,-1939.7024,stage1
test/t5/155.png,streethazards,124.8881,-2447.9832,stage1
test/t5/156.png,streethazards,119.3914,-2174.8718,stage1
test/t5/157.png,streethazards,110.448,-2404.8164,stage1
test/t5/158.png,streethazards,92.7134,-2373.2122,stage1
test/t5/159.png,streethazards,95.0279,-2765.8535,stage1
test/t5/16.png,streethazards,51.0285,-2548.5781,stage2
test/t5/160.png,streethazards,53.2905,-2560.2947,stage2
test/t5/161.png,streethazards,78.5075,-2487.3979,stage1
test/t5/162.png,streethazards,65.6898,-2119.4966,stage2
test/t5/163.png,streethazards,45.7058,-2263.9192,stage2
test/t5/164.png,streethazards,50.7259,-2367.7888,stage2
test/t5/165.png,streethazards,76.5082,-2848.8762,stage1
test/t5/166.png,streethazards,85.2544,-4698.0142,stage1
test/t5/167.png,streethazards,73.2288,-4680.4419,stage2
test/t5/168.png,streethazards,75.3208,-4827.3564,stage1
test/t5/169.png,streethazards,106.842,-4158.0493,stage1
test/t5/17.png,streethazards,107.0051,-2473.1951,stage1
test/t5/170.png,streethazards,133.794,-2714.645,stage1
test/t5/171.png,streethazards,96.7799,-3017.2908,stage1
test/t5/172.png,streethazards,107.6088,-3583.325,stage1
test/t5/173.png,streethazards,108.9292,-3532.8894,stage1
test/t5/174.png,streethazards,107.5139,-3122.2307,stage1
test/t5/175.png,streethazards,98.5309,-2667.8879,stage1
test/t5/176.png,streethazards,105.3031,-3245.4993,stage1
test/t5/177.png,streethazards,84.2387,-3695.1521,stage1
test/t5/178.png,streethazards,122.9353,-3597.979,stage1
test/t5/179.png,streethazards,103.5148,-3320.1755,stage1
test/t5/18.png,streethazards,127.4557,-2380.1028,stage1
test/t5/180.png,streethazards,97.6006,-4175.5039,stage1
test/t5/181.png,streethazards,164.6236,-3950.8542,stage1
test/t5/182.png,streethazards,110.6638,-3099.1311,stage1
test/t5/183.png,streethazards,158.2486,-3284.7402,stage1
test/t5/184.png,streethazards,204.0401,-3033.1021,stage1
test/t5/185.png,streethazards,177.3825,-3829.0459,stage1
test/t5/186.png,streethazards,173.1298,-3124.0127,stage1
test/t5/187.png,streethazards,135.914,-3579.7229,stage1
test/t5/188.png,streethazards,117.1687,-3334.1006,stage1
test/t5/189.png,streethazards,157.6852,-3206.0117,stage1
test/t5/19.png,streethazards,144.3815,-2371.5627,stage1
test/t5/190.png,streethazards,135.9295,-3277.4329,stage1
test/t5/191.png,streethazards,71.4795,-2631.5935,stage2
test/t5/192.png,streethazards,100.6752,-3136.2739,stage1
test/t5/193.png,streethazards,144.5854,-3294.6846,stage1
test/t5/194.png,streethazards,162.9337,-3024.9751,stage1
test/t5/195.png,streethazards,146.4535,-2656.0339,stage1
test/t5/196.png,streethazards,169.3224,-2895.4478,stage1
test/t5/197.png,streethazards,186.112,-3779.0142,stage1
test/t5/198.png,streethazards,246.2962,-3427.491,stage1
test/t5/199.png,streethazards,331.9408,-2485.4038,stage1
test/t5/2.png,streethazards,69.6519,-1803.6635,stage2
test/t5/20.png,streethazards,44.357,-2698.1475,stage2
test/t5/200.png,streethazards,317.5211,-3426.4163,stage1
test/t5/201.png,streethazards,306.6575,-3403.3022,stage1
test/t5/202.png,streethazards,319.8344,-4077.813,stage1
test/t5/203.png,streethazards,267.7751,-2485.5229,stage1
test/t5/204.png,streethazards,289.2898,-1722.3413,stage1
test/t5/205.png,streethazards,311.7255,-1827.2898,stage1
test/t5/206.png,streethazards,183.0967,-2046.8558,stage1
test/t5/207.png,streethazards,156.15,-1927.1465,stage1
test/t5/208.png,streethazards,173.2947,-1904.8448,stage1
test/t5/209.png,streethazards,192.3478,-2431.7271,stage1
test/t5/21.png,streethazards,91.9611,-2772.6465,stage1
test/t5/210.png,streethazards,107.5542,-1755.5433,stage1
test/t5/211.png,streethazards,100.5875,-2920.9438,stage1
test/t5/212.png,streethazards,58.7598,-2893.7351,stage2
test/t5/213.png,streethazards,30.6541,-1256.9218,pass
test/t5/214.png,streethazards,18.3668,-1184.0966,pass
test/t5/215.png,streethazards,40.251,-1325.8483,pass
test/t5/216.png,streethazards,33.279,-1345.7618,pass
test/t5/217.png,streethazards,67.532,-1356.4309,pass
test/t5/218.png,streethazards,61.059,-1159.1626,pass
test/t5/219.png,streethazards,32.849,-1191.394,pass
test/t5/22.png,streethazards,44.9802,-2737.4756,stage2
test/t5/220.png,streethazards,20.3777,-1088.5013,pass
test/t5/221.png,streethazards,16.4037,-1227.5179,pass
test/t5/222.png,streethazards,26.7773,-1249.2058,pass
test/t5/223.png,streethazards,21.9528,-1040.176,pass
test/t5/224.png,streethazards,24.1286,-995.2858,pass
test/t5/225.png,streethazards,6.8665,-1669.4604,stage2
test/t5/226.png,streethazards,46.1924,-1278.4657,pass
test/t5/227.png,streethazards,25.8055,-1445.8981,stage2
test/t5/228.png,streethazards,35.6664,-1420.6062,pass
test/t5/229.png,streethazards,34.3754,-1545.021,stage2
test/t5/23.png,streethazards,65.4973,-3207.3196,stage2
test/t5/230.png,streethazards,48.4369,-1453.4712,stage2
test/t5/231.png,streethazards,48.9091,-1602.3879,stage2
test/t5/232.png,streethazards,41.4295,-1330.1588,pass
test/t5/233.png,streethazards,29.8035,-1376.8652,pass
test/t5/234.png,streethazards,40.9051,-1429.4208,pass
test/t5/235.png,streethazards,22.4213,-1371.6693,pass
test/t5/236.png,streethazards,60.6836,-1255.9908,pass
test/t5/237.png,streethazards,33.9887,-1145.4181,pass
test/t5/238.png,streethazards,32.8083,-1024.132,pass
test/t5/239.png,streethazards,24.6191,-1350.7513,pass
test/t5/24.png,streethazards,114.3338,-2612.708,stage1
test/t5/240.png,streethazards,9.8472,-1377.7395,pass
test/t5/241.png,streethazards,30.807,-1332.8904,pass
test/t5/242.png,streethazards,26.8752,-1299.8588,pass
test/t5/243.png,streethazards,6.3484,-1412.1147,pass
test/t5/244.png,streethazards,27.8223,-1200.6721,pass
test/t5/245.png,streethazards,55.0406,-1390.9952,pass
test/t5/246.png,streethazards,40.8199,-1002.5983,pass
test/t5/247.png,streethazards,27.9469,-1308.3859,pass
test/t5/248.png,streethazards,44.953,-855.8365,pass
test/t5/249.png,streethazards,34.5097,-872.7312,pass
test/t5/25.png,streethazards,146.2985,-2525.4695,stage1
test/t5/250.png,streethazards,26.0577,-1101.0481,pass
test/t5/251.png,streethazards,67.8046,-1254.8513,pass
test/t5/252.png,streethazards,29.5097,-1789.1405,stage2
test/t5/253.png,streethazards,23.0251,-1912.8882,stage2
test/t5/254.png,streethazards,18.1623,-2741.0894,stage2
test/t5/255.png,streethazards,11.3211,-1932.6382,stage2
test/t5/256.png,streethazards,9.2229,-2445.718,stage2
test/t5/257.png,streethazards,27.3142,-2467.4927,stage2
test/t5/258.png,streethazards,23.0105,-2378.6782,stage2
test/t5/259.png,streethazards,61.578,-2091.7493,stage2
test/t5/26.png,streethazards,135.3729,-2485.0352,stage1
test/t5/260.png,streethazards,31.2735,-2101.7754,stage2
test/t5/261.png,streethazards,39.9897,-2235.407,stage2
test/t5/262.png,streethazards,43.0397,-1697.9487,stage2
test/t5/263.png,streethazards,60.6026,-1498.5859,stage2
test/t5/264.png,streethazards,37.2085,-1650.415,stage2
test/t5/265.png,streethazards,91.9372,-1472.2336,stage1
test/t5/266.png,streethazards,39.5308,-1402.1343,pass
test/t5/267.png,streethazards,56.9549,-1553.7606,stage2
test/t5/268.png,streethazards,52.6518,-1526.3792,stage2
test/t5/269.png,streethazards,40.5539,-1476.7756,stage2
test/t5/27.png,streethazards,70.4455,-2976.7847,stage2
test/t5/270.png,streethazards,47.8887,-1614.6991,stage2
test/t5/271.png,streethazards,57.0962,-1676.5525,stage2
test/t5/272.png,streethazards,29.1553,-1639.6516,stage2
test/t5/273.png,streethazards,81.122,-1691.4365,stage1
test/t5/274.png,streethazards,66.2398,-1549.9385,stage2
test/t5/275.png,streethazards,91.2874,-1848.6816,stage1
test/t5/276.png,streethazards,67.6181,-1918.1589,stage2
test/t5/277.png,streethazards,106.5894,-1401.7965,stage1
test/t5/278.png,streethazards,63.4088,-1449.0746,stage2
test/t5/279.png,streethazards,52.1627,-1332.3004,pass
test/t5/28.png,streethazards,92.6552,-2934.948,stage1
test/t5/280.png,streethazards,59.7668,-1307.0569,pass
test/t5/281.png,streethazards,48.628,-1486.3583,stage2
test/t5/282.png,streethazards,56.2744,-1584.5432,stage2
test/t5/283.png,streethazards,75.6108,-1502.3309,stage1
test/t5/284.png,streethazards,46.4837,-1581.426,stage2
test/t5/285.png,streethazards,61.3136,-1406.4484,pass
test/t5/286.png,streethazards,62.35,-1558.5143,stage2
test/t5/287.png,streethazards,37.6938,-1593.5959,stage2
test/t5/288.png,streethazards,60.1923,-1298.6774,pass
test/t5/289.png,streethazards,50.9969,-1553.844,stage2
test/t5/29.png,streethazards,73.7767,-3054.8677,stage1
test/t5/290.png,streethazards,45.071,-1298.7173,pass
test/t5/291.png,streethazards,40.0155,-1681.9489,stage2
test/t5/292.png,streethazards,36.7877,-1766.4156,stage2
test/t5/293.png,streethazards,12.8856,-2454.6799,stage2
test/t5/294.png,streethazards,37.4064,-2181.5613,stage2
test/t5/295.png,streethazards,22.3832,-2340.5525,stage2
test/t5/296.png,streethazards,51.7946,-2549.0415,stage2
test/t5/297.png,streethazards,55.4199,-2819.7673,stage2
test/t5/298.png,streethazards,35.2733,-2461.5317,stage2
test/t5/299.png,streethazards,43.2826,-2384.2717,stage2
test/t5/3.png,streethazards,103.4818,-1706.7064,stage1
test/t5/30.png,streethazards,42.9273,-2962.939,stage2
test/t5/300.png,streethazards,43.0892,-3476.9705,stage2
test/t5/301.png,streethazards,53.2336,-4324.8652,stage2
test/t5/302.png,streethazards,39.8972,-3692.1697,stage2
test/t5/303.png,streethazards,46.981,-3961.677,stage2
test/t5/304.png,streethazards,78.3148,-3998.8218,stage1
test/t5/305.png,streethazards,54.3188,-3839.4429,stage2
test/t5/306.png,streethazards,55.5231,-3230.1174,stage2
test/t5/307.png,streethazards,59.696,-4083.0103,stage2
test/t5/308.png,streethazards,53.0104,-3656.5371,stage2
test/t5/309.png,streethazards,91.0423,-3904.0715,stage1
test/t5/31.png,streethazards,86.3633,-6026.7896,stage1
test/t5/310.png,streethazards,53.6643,-4552.1523,stage2
test/t5/311.png,streethazards,44.9268,-3287.7424,stage2
test/t5/312.png,streethazards,24.9214,-3351.6997,stage2
test/t5/313.png,streethazards,54.8303,-3877.8108,stage2
test/t5/314.png,streethazards,22.8373,-4456.4795,stage2
test/t5/315.png,streethazards,50.1861,-3960.9756,stage2
test/t5/316.png,streethazards,76.7046,-4979.394,stage1
test/t5/317.png,streethazards,35.4636,-2704.2261,stage2
test/t5/318.png,streethazards,26.3766,-2356.2168,stage2
test/t5/319.png,streethazards,37.5793,-3469.23,stage2
test/t5/32.png,streethazards,50.8685,-4272.1816,stage2
test/t5/320.png,streethazards,31.6226,-3158.0803,stage2
test/t5/321.png,streethazards,23.9329,-3027.7605,stage2
test/t5/322.png,streethazards,81.2778,-1909.017,stage1
test/t5/323.png,streethazards,83.3724,-2888.2673,stage1
test/t5/324.png,streethazards,58.2267,-3829.5947,stage2
test/t5/325.png,streethazards,65.7187,-2523.8752,stage2
test/t5/326.png,streethazards,68.662,-2438.9597,stage2
test/t5/327.png,streethazards,38.821,-2367.3313,stage2
test/t5/328.png,streethazards,66.349,-1647.2101,stage2
test/t5/329.png,streethazards,78.7839,-2010.9304,stage1
test/t5/33.png,streethazards,49.3775,-3037.4131,stage2
test/t5/330.png,streethazards,58.6275,-1708.3738,stage2
test/t5/331.png,streethazards,71.9117,-1425.0083,pass
test/t5/332.png,streethazards,44.862,-1361.8022,pass
test/t5/333.png,streethazards,46.1707,-1127.546,pass
test/t5/334.png,streethazards,70.6131,-1578.8561,stage2
test/t5/335.png,streethazards,54.0452,-1454.2015,stage2
test/t5/336.png,streethazards,80.0038,-1587.6398,stage1
test/t5/337.png,streethazards,41.174,-1401.2255,pass
test/t5/338.png,streethazards,10.4704,-1222.6644,pass
test/t5/339.png,streethazards,5.7688,-1766.3376,stage2
test/t5/34.png,streethazards,109.267,-4883.5483,stage1
test/t5/340.png,streethazards,33.398,-1615.6914,stage2
test/t5/341.png,streethazards,81.565,-1404.4016,stage1
test/t5/342.png,streethazards,54.5999,-1835.3107,stage2
test/t5/343.png,streethazards,27.2876,-7458.4995,stage2
test/t5/344.png,streethazards,18.4939,-4103.5239,stage2
test/t5/345.png,streethazards,34.8877,-4177.6538,stage2
test/t5/346.png,streethazards,20.9567,-1801.7208,stage2
test/t5/347.png,streethazards,28.8838,-2112.4407,stage2
test/t5/348.png,streethazards,13.4978,-1337.2202,pass
test/t5/349.png,streethazards,25.6318,-1209.7091,pass
test/t5/35.png,streethazards,74.8054,-3829.7375,stage1
test/t5/350.png,streethazards,24.5413,-1454.5861,stage2
test/t5/351.png,streethazards,39.8566,-1518.6995,stage2
test/t5/352.png,streethazards,25.6676,-1850.1383,stage2
test/t5/353.png,streethazards,35.673,-1385.3899,pass
test/t5/354.png,streethazards,22.5263,-1298.5752,pass
test/t5/355.png,streethazards,21.7255,-1367.3909,pass
test/t5/356.png,streethazards,23.6358,-1240.7006,pass
test/t5/357.png,streethazards,38.3488,-1489.2362,stage2
test/t5/358.png,streethazards,28.2673,-1338.6013,pass
test/t5/359.png,streethazards,30.0035,-1405.4318,pass
test/t5/36.png,streethazards,45.8338,-3522.0759,stage2
test/t5/360.png,streethazards,18.1062,-1482.3456,stage2
test/t5/361.png,streethazards,27.8307,-1560.4216,stage2
test/t5/362.png,streethazards,25.3784,-1444.5243,stage2
test/t5/363.png,streethazards,29.6178,-1719.6354,stage2
test/t5/364.png,streethazards,48.7117,-1540.4147,stage2
test/t5/365.png,streethazards,57.2112,-1562.7588,stage2
test/t5/366.png,streethazards,58.7921,-1671.0343,stage2
test/t5/367.png,streethazards,22.9477,-1750.121,stage2
test/t5/368.png,streethazards,30.1452,-1543.0104,stage2
test/t5/369.png,streethazards,26.0717,-1855.8882,stage2
test/t5/37.png,streethazards,92.7648,-3213.55,stage1
test/t5/370.png,streethazards,13.2138,-1669.8165,stage2
test/t5/371.png,streethazards,16.4886,-1927.3334,stage2
test/t5/372.png,streethazards,19.2254,-1875.62,stage2
test/t5/373.png,streethazards,14.7378,-1925.8834,stage2
test/t5/374.png,streethazards,33.5969,-2027.1404,stage2
test/t5/375.png,streethazards,14.778,-1947.166,stage2
test/t5/376.png,streethazards,29.4796,-2022.3488,stage2
test/t5/377.png,streethazards,30.9587,-1813.2397,stage2
test/t5/378.png,streethazards,36.929,-1834.1117,stage2
test/t5/379.png,streethazards,42.0885,-1793.5228,stage2
test/t5/38.png,streethazards,56.1259,-3336.4714,stage2
test/t5/380.png,streethazards,31.4319,-1723.4152,stage2
test/t5/381.png,streethazards,13.8043,-2005.5095,stage2
test/t5/382.png,streethazards,9.863,-2248.8433,stage2
test/t5/383.png,streethazards,27.3656,-2740.6582,stage2
test/t5/384.png,streethazards,11.3824,-1718.292,stage2
test/t5/385.png,streethazards,12.7762,-1774.1034,stage2
test/t5/386.png,streethazards,7.0941,-1972.1298,stage2
test/t5/387.png,streethazards,41.6082,-2015.5599,stage2
test/t5/388.png,streethazards,20.2205,-1841.5928,stage2
test/t5/389.png,streethazards,12.3918,-2077.4656,stage2
test/t5/39.png,streethazards,66.4709,-3194.2979,stage2
test/t5/390.png,streethazards,21.9701,-2928.8201,stage2
test/t5/391.png,streethazards,9.5645,-2776.116,stage2
test/t5/392.png,streethazards,25.0823,-2273.1621,stage2
test/t5/393.png,streethazards,18.9142,-2647.6021,stage2
test/t5/394.png,streethazards,19.3278,-2209.7847,stage2
test/t5/395.png,streethazards,17.3278,-2295.0901,stage2
test/t5/396.png,streethazards,17.7039,-2132.2268,stage2
test/t5/397.png,streethazards,8.7792,-2299.4246,stage2
test/t5/398.png,streethazards,16.3426,-2237.3604,stage2
test/t5/399.png,streethazards,9.9421,-1865.8313,stage2
test/t5/4.png,streethazards,108.6887,-2114.1523,stage1
test/t5/40.png,streethazards,69.7116,-3140.8799,stage2
test/t5/400.png,streethazards,3.9416,-2033.0016,stage2
test/t5/401.png,streethazards,18.9967,-1996.3132,stage2
test/t5/402.png,streethazards,6.8802,-2149.2058,stage2
test/t5/403.png,streethazards,19.299,-2162.3354,stage2
test/t5/404.png,streethazards,6.4404,-2005.9387,stage2
test/t5/405.png,streethazards,9.4353,-1597.434,stage2
test/t5/406.png,streethazards,2.5387,-1929.4352,stage2
test/t5/407.png,streethazards,6.1773,-1379.2067,pass
test/t5/408.png,streethazards,10.8528,-1599.5049,stage2
test/t5/409.png,streethazards,7.2742,-1711.7465,stage2
test/t5/41.png,streethazards,64.1815,-3159.2212,stage2
test/t5/410.png,streethazards,3.6073,-1622.7753,stage2
test/t5/411.png,streethazards,27.3752,-1732.2162,stage2
test/t5/412.png,streethazards,19.942,-1997.1556,stage2
test/t5/413.png,streethazards,15.8848,-1963.4163,stage2
test/t5/414.png,streethazards,19.6006,-2229.0544,stage2
test/t5/415.png,streethazards,40.3484,-2290.238,stage2
test/t5/416.png,streethazards,35.7753,-1888.2583,stage2
test/t5/417.png,streethazards,33.982,-1820.855,stage2
test/t5/418.png,streethazards,30.9533,-2127.4109,stage2
test/t5/419.png,streethazards,23.4616,-2848.8318,stage2
test/t5/42.png,streethazards,75.5299,-3584.4502,stage1
test/t5/420.png,streethazards,6.8032,-2951.9644,stage2
test/t5/421.png,streethazards,10.6255,-2734.2607,stage2
test/t5/422.png,streethazards,3.3615,-2678.0945,stage2
test/t5/423.png,streethazards,13.2577,-3295.1904,stage2
test/t5/424.png,streethazards,18.4908,-3475.8022,stage2
test/t5/425.png,streethazards,16.673,-2627.9644,stage2
test/t5/426.png,streethazards,26.0238,-2482.0535,stage2
test/t5/427.png,streethazards,17.519,-2376.72,stage2
test/t5/428.png,streethazards,25.359,-2358.5796,stage2
test/t5/429.png,streethazards,43.9288,-2300.8625,stage2
test/t5/43.png,streethazards,48.8708,-3357.5342,stage2
test/t5/430.png,streethazards,38.1577,-2390.6421,stage2
test/t5/431.png,streethazards,27.6153,-2542.5701,stage2
test/t5/432.png,streethazards,16.2265,-2509.5,stage2
test/t5/433.png,streethazards,11.6441,-2715.9871,stage2
test/t5/434.png,streethazards,13.5192,-2380.2698,stage2
test/t5/435.png,streethazards,13.1589,-2502.0562,stage2
test/t5/436.png,streethazards,10.1392,-2200.3853,stage2
test/t5/437.png,streethazards,26.181,-2511.0715,stage2
test/t5/438.png,streethazards,31.9369,-2221.4023,stage2
test/t5/439.png,streethazards,29.43,-2138.8467,stage2
test/t5/44.png,streethazards,87.5085,-3243.8621,stage1
test/t5/440.png,streethazards,19.5806,-2442.9307,stage2
test/t5/441.png,streethazards,19.3552,-1898.674,stage2
test/t5/442.png,streethazards,7.6508,-1974.4584,stage2
test/t5/443.png,streethazards,18.7611,-2593.9927,stage2
test/t5/444.png,streethazards,40.7748,-3269.978,stage2
test/t5/445.png,streethazards,46.7382,-2653.9194,stage2
test/t5/446.png,streethazards,41.8091,-2952.7571,stage2
test/t5/447.png,streethazards,18.6204,-2661.4126,stage2
test/t5/448.png,streethazards,33.201,-2651.124,stage2
test/t5/449.png,streethazards,27.9905,-1806.3743,stage2
test/t5/45.png,streethazards,95.7623,-2777.0352,stage1
test/t5/450.png,streethazards,25.9309,-2165.5369,stage2
test/t5/451.png,streethazards,32.7517,-1647.8263,stage2
test/t5/452.png,streethazards,18.7134,-3485.2285,stage2
test/t5/453.png,streethazards,30.3225,-3282.9622,stage2
test/t5/454.png,streethazards,19.6259,-2246.9336,stage2
test/t5/455.png,streethazards,10.0555,-1987.7051,stage2
test/t5/456.png,streethazards,28.4902,-1734.8176,stage2
test/t5/457.png,streethazards,18.2602,-1994.4539,stage2
test/t5/458.png,streethazards,16.6534,-1944.0367,stage2
test/t5/459.png,streethazards,8.3439,-2001.7858,stage2
test/t5/46.png,streethazards,39.9947,-3454.3699,stage2
test/t5/460.png,streethazards,23.893,-1859.5026,stage2
test/t5/461.png,streethazards,14.9594,-1779.4431,stage2
test/t5/462.png,streethazards,10.3815,-1863.1486,stage2
test/t5/463.png,streethazards,15.8194,-2081.9915,stage2
test/t5/464.png,streethazards,5.7699,-2156.6252,stage2
test/t5/465.png,streethazards,4.6901,-2298.7092,stage2
test/t5/466.png,streethazards,12.8265,-2492.3928,stage2
test/t5/467.png,streethazards,17.918,-2595.9895,stage2
test/t5/468.png,streethazards,24.7924,-1955.2261,stage2
test/t5/469.png,streethazards,24.0712,-1971.7969,stage2
test/t5/47.png,streethazards,54.5085,-2797.8079,stage2
test/t5/470.png,streethazards,11.7822,-2134.8364,stage2
test/t5/471.png,streethazards,17.0868,-1886.3375,stage2
test/t5/472.png,streethazards,8.0904,-1613.2576,stage2
test/t5/473.png,streethazards,2.6724,-1972.6562,stage2
test/t5/474.png,streethazards,6.9519,-1611.4781,stage2
test/t5/475.png,streethazards,6.1514,-2247.7432,stage2
test/t5/476.png,streethazards,12.7917,-2078.7625,stage2
test/t5/477.png,streethazards,18.2853,-1687.465,stage2
test/t5/478.png,streethazards,15.563,-1940.6602,stage2
test/t5/479.png,streethazards,6.3707,-2236.0359,stage2
test/t5/48.png,streethazards,52.5811,-2535.8662,stage2
test/t5/480.png,streethazards,25.9691,-2523.1472,stage2
test/t5/481.png,streethazards,31.0407,-1976.5238,stage2
test/t5/482.png,streethazards,32.7298,-1939.916,stage2
test/t5/483.png,streethazards,23.1045,-2024.7467,stage2
test/t5/484.png,streethazards,5.4266,-1672.8344,stage2
test/t5/485.png,streethazards,22.5786,-2285.8857,stage2
test/t5/486.png,streethazards,14.6422,-2268.0588,stage2
test/t5/487.png,streethazards,14.5666,-1895.863,stage2
test/t5/488.png,streethazards,26.2798,-2296.7795,stage2
test/t5/489.png,streethazards,17.5357,-2512.3784,stage2
test/t5/49.png,streethazards,76.4135,-2796.9905,stage1
test/t5/490.png,streethazards,17.1577,-2196.6829,stage2
test/t5/491.png,streethazards,18.1192,-1967.0471,stage2
test/t5/492.png,streethazards,17.9294,-2085.5105,stage2
test/t5/493.png,streethazards,10.5209,-2179.5669,stage2
test/t5/494.png,streethazards,26.6697,-2163.5515,stage2
test/t5/495.png,streethazards,9.4006,-2177.6919,stage2
test/t5/496.png,streethazards,25.796,-2232.9358,stage2
test/t5/497.png,streethazards,9.1282,-2114.439,stage2
test/t5/498.png,streethazards,9.1792,-2107.0317,stage2
test/t5/499.png,streethazards,15.5104,-2016.0438,stage2
test/t5/5.png,streethazards,92.8325,-2953.873,stage1
test/t5/50.png,streethazards,65.2845,-2572.7012,stage2
test/t5/500.png,streethazards,17.2749,-1567.6887,stage2
test/t5/501.png,streethazards,13.2561,-1733.0903,stage2
test/t5/502.png,streethazards,9.322,-1982.4613,stage2
test/t5/503.png,streethazards,10.2396,-1997.3904,stage2
test/t5/504.png,streethazards,10.9324,-1576.6678,stage2
test/t5/505.png,streethazards,15.237,-1369.9788,pass
test/t5/506.png,streethazards,10.7327,-1178.1704,pass
test/t5/507.png,streethazards,27.3985,-1525.2955,stage2
test/t5/508.png,streethazards,16.5379,-1385.9646,pass
test/t5/509.png,streethazards,12.0977,-1558.6421,stage2
test/t5/51.png,streethazards,64.6999,-2622.5261,stage2
test/t5/510.png,streethazards,12.1139,-1469.8535,stage2
test/t5/511.png,streethazards,7.9701,-1547.5068,stage2
test/t5/512.png,streethazards,7.0666,-1962.6652,stage2
test/t5/513.png,streethazards,7.5416,-1451.668,stage2
test/t5/514.png,streethazards,25.727,-1699.594,stage2
test/t5/515.png,streethazards,9.7609,-1384.0388,pass
test/t5/516.png,streethazards,14.0331,-1533.3011,stage2
test/t5/517.png,streethazards,18.2761,-1361.2794,pass
test/t5/518.png,streethazards,15.5188,-1415.0636,pass
test/t5/519.png,streethazards,12.3556,-1391.9349,pass
test/t5/52.png,streethazards,50.8802,-2846.5515,stage2
test/t5/520.png,streethazards,21.0134,-1629.2067,stage2
test/t5/521.png,streethazards,31.3648,-1591.9923,stage2
test/t5/522.png,streethazards,30.6249,-1505.428,stage2
test/t5/523.png,streethazards,37.1681,-2103.5447,stage2
test/t5/524.png,streethazards,18.3963,-1629.4645,stage2
test/t5/525.png,streethazards,22.7478,-1849.5044,stage2
test/t5/526.png,streethazards,14.8423,-1636.5563,stage2
test/t5/527.png,streethazards,9.5418,-2052.2241,stage2
test/t5/528.png,streethazards,30.3421,-1833.2915,stage2
test/t5/529.png,streethazards,11.801,-1989.3334,stage2
test/t5/53.png,streethazards,77.4774,-3494.165,stage1
test/t5/530.png,streethazards,31.2036,-1986.4563,stage2
test/t5/531.png,streethazards,34.6417,-2074.0266,stage2
test/t5/532.png,streethazards,15.0737,-1927.5839,stage2
test/t5/533.png,streethazards,38.8133,-1913.7948,stage2
test/t5/534.png,streethazards,15.3806,-1875.0508,stage2
test/t5/535.png,streethazards,24.5135,-1721.1766,stage2
test/t5/536.png,streethazards,30.3123,-1522.2211,stage2
test/t5/537.png,streethazards,17.6583,-1538.464,stage2
test/t5/538.png,streethazards,13.8454,-1767.5604,stage2
test/t5/539.png,streethazards,13.0216,-1667.9822,stage2
test/t5/54.png,streethazards,104.3145,-3365.9055,stage1
test/t5/540.png,streethazards,23.9078,-1443.3351,stage2
test/t5/541.png,streethazards,11.3142,-1536.1376,stage2
test/t5/542.png,streethazards,38.4324,-1435.7682,stage2
test/t5/543.png,streethazards,24.8263,-1631.8989,stage2
test/t5/544.png,streethazards,44.8831,-1726.9646,stage2
test/t5/545.png,streethazards,39.7028,-1862.7217,stage2
test/t5/546.png,streethazards,30.0791,-1492.5449,stage2
test/t5/547.png,streethazards,59.3865,-1525.0792,stage2
test/t5/548.png,streethazards,28.9872,-1695.8579,stage2
test/t5/549.png,streethazards,14.66,-1494.5256,stage2
test/t5/55.png,streethazards,70.0339,-3122.6582,stage2
test/t5/550.png,streethazards,28.6573,-1575.7407,stage2
test/t5/551.png,streethazards,38.2239,-1229.1421,pass
test/t5/552.png,streethazards,20.8691,-1559.561,stage2
test/t5/553.png,streethazards,29.0667,-1294.7144,pass
test/t5/554.png,streethazards,17.0888,-1338.1049,pass
test/t5/555.png,streethazards,15.8449,-1614.421,stage2
test/t5/556.png,streethazards,24.7335,-1828.3563,stage2
test/t5/557.png,streethazards,24.2228,-1435.3254,stage2
test/t5/558.png,streethazards,37.1872,-1851.7808,stage2
test/t5/559.png,streethazards,52.488,-1850.79,stage2
test/t5/56.png,streethazards,45.8334,-3073.5393,stage2
test/t5/560.png,streethazards,54.7306,-1721.0306,stage2
test/t5/561.png,streethazards,31.4231,-1980.8486,stage2
test/t5/562.png,streethazards,61.1305,-1855.6373,stage2
test/t5/563.png,streethazards,45.3798,-1730.3032,stage2
test/t5/564.png,streethazards,68.7567,-1863.0167,stage2
test/t5/565.png,streethazards,37.7138,-1732.4666,stage2
test/t5/566.png,streethazards,41.7225,-1828.0676,stage2
test/t5/567.png,streethazards,16.7934,-2075.4434,stage2
test/t5/568.png,streethazards,55.2404,-1954.2278,stage2
test/t5/569.png,streethazards,42.9578,-2054.0969,stage2
test/t5/57.png,streethazards,90.817,-2986.1516,stage1
test/t5/570.png,streethazards,25.2387,-2343.1755,stage2
test/t5/571.png,streethazards,12.8451,-2599.3706,stage2
test/t5/572.png,streethazards,7.8372,-2340.75,stage2
test/t5/573.png,streethazards,25.3894,-2019.163,stage2
test/t5/574.png,streethazards,27.7598,-2236.3726,stage2
test/t5/575.png,streethazards,17.9883,-2165.2324,stage2
test/t5/576.png,streethazards,18.9842,-2278.2874,stage2
test/t5/577.png,streethazards,5.7128,-2109.5625,stage2
test/t5/578.png,streethazards,45.707,-1943.068,stage2
test/t5/579.png,streethazards,9.7832,-2224.3777,stage2
test/t5/58.png,streethazards,87.1048,-2456.2249,stage1
test/t5/580.png,streethazards,30.6182,-2604.0571,stage2
test/t5/581.png,streethazards,53.3927,-2878.1533,stage2
test/t5/582.png,streethazards,29.1866,-2295.5471,stage2
test/t5/583.png,streethazards,37.5406,-2167.3801,stage2
test/t5/584.png,streethazards,10.4766,-1224.8363,pass
test/t5/585.png,streethazards,17.1094,-1483.8967,stage2
test/t5/586.png,streethazards,12.6759,-1332.4517,pass
test/t5/587.png,streethazards,16.2473,-1443.7904,stage2
test/t5/588.png,streethazards,17.5436,-1617.7798,stage2
test/t5/589.png,streethazards,31.7889,-1731.0314,stage2
test/t5/59.png,streethazards,89.2386,-2383.4768,stage1
test/t5/590.png,streethazards,24.9408,-1703.8127,stage2
test/t5/591.png,streethazards,18.2433,-1904.4822,stage2
test/t5/592.png,streethazards,21.1649,-1288.5199,pass
test/t5/593.png,streethazards,18.2573,-1397.1029,pass
test/t5/594.png,streethazards,48.8623,-1278.751,pass
test/t5/595.png,streethazards,29.4279,-1547.1863,stage2
test/t5/596.png,streethazards,16.2222,-1205.2065,pass
test/t5/597.png,streethazards,35.8002,-1499.1106,stage2
test/t5/598.png,streethazards,18.5823,-2127.9275,stage2
test/t5/599.png,streethazards,104.9452,-2239.4492,stage1
test/t5/6.png,streethazards,16.4643,-2661.4878,stage2
test/t5/60.png,streethazards,113.6172,-3885.3689,stage1
test/t5/600.png,streethazards,139.5906,-1499.42,stage1
test/t5/601.png,streethazards,172.8178,-1842.9171,stage1
test/t5/602.png,streethazards,241.031,-2515.9026,stage1
test/t5/603.png,streethazards,182.7877,-2430.9961,stage1
test/t5/604.png,streethazards,137.5699,-1902.6228,stage1
test/t5/605.png,streethazards,114.4037,-2206.1116,stage1
test/t5/606.png,streethazards,30.9364,-1158.4056,pass
test/t5/607.png,streethazards,57.7549,-1224.6189,pass
test/t5/608.png,streethazards,79.4758,-1088.3037,stage1
test/t5/609.png,streethazards,75.9926,-1154.9216,stage1
test/t5/61.png,streethazards,78.1703,-4143.396,stage1
test/t5/610.png,streethazards,94.7687,-1003.358,stage1
test/t5/611.png,streethazards,100.8148,-1152.6521,stage1
test/t5/612.png,streethazards,57.8667,-1315.5449,pass
test/t5/613.png,streethazards,105.0121,-1416.1835,stage1
test/t5/614.png,streethazards,54.5648,-2499.9937,stage2
test/t5/615.png,streethazards,50.7207,-1937.0173,stage2
test/t5/616.png,streethazards,43.7113,-2050.4067,stage2
test/t5/617.png,streethazards,61.2217,-1293.5632,pass
test/t5/618.png,streethazards,95.0676,-1277.9629,stage1
test/t5/619.png,streethazards,113.9645,-1235.516,stage1
test/t5/62.png,streethazards,82.681,-3377.7021,stage1
test/t5/620.png,streethazards,133.1171,-1248.551,stage1
test/t5/621.png,streethazards,119.9117,-1639.1329,stage1
test/t5/622.png,streethazards,116.8639,-1780.4161,stage1
test/t5/623.png,streethazards,81.2656,-1677.0603,stage1
test/t5/624.png,streethazards,4.7813,-3484.2241,stage2
test/t5/625.png,streethazards,15.1923,-2998.073,stage2
test/t5/626.png,streethazards,6.283,-2159.989,stage2
test/t5/627.png,streethazards,14.4718,-1717.7762,stage2
test/t5/628.png,streethazards,28.5489,-1569.0161,stage2
test/t5/629.png,streethazards,21.1358,-1586.936,stage2
test/t5/63.png,streethazards,54.8786,-3727.4084,stage2
test/t5/630.png,streethazards,29.4058,-1642.1658,stage2
test/t5/631.png,streethazards,27.7805,-1888.8718,stage2
test/t5/632.png,streethazards,9.4922,-1676.6381,stage2
test/t5/633.png,streethazards,7.541,-1988.8158,stage2
test/t5/634.png,streethazards,7.4042,-3232.2175,stage2
test/t5/635.png,streethazards,5.9452,-2359.5518,stage2
test/t5/636.png,streethazards,8.3613,-3011.8025,stage2
test/t5/637.png,streethazards,10.6423,-2126.9946,stage2
test/t5/638.png,streethazards,8.6058,-2135.0989,stage2
test/t5/639.png,streethazards,8.1741,-2344.8743,stage2
test/t5/64.png,streethazards,66.6709,-4001.3633,stage2
test/t5/640.png,streethazards,25.1522,-4136.1206,stage2
test/t5/641.png,streethazards,16.5789,-3581.5732,stage2
test/t5/642.png,streethazards,23.1823,-10406.1299,stage2
test/t5/643.png,streethazards,29.871,-6181.5488,stage2
test/t5/644.png,streethazards,16.1239,-1441.1649,stage2
test/t5/645.png,streethazards,24.3525,-1417.9321,pass
test/t5/646.png,streethazards,24.007,-1279.8215,pass
test/t5/647.png,streethazards,44.1644,-1285.317,pass
test/t5/648.png,streethazards,10.3161,-2097.0349,stage2
test/t5/649.png,streethazards,22.1533,-1370.2657,pass
test/t5/65.png,streethazards,68.0961,-3687.5227,stage2
test/t5/650.png,streethazards,25.9103,-1840.6543,stage2
test/t5/651.png,streethazards,36.2816,-1745.5308,stage2
test/t5/652.png,streethazards,32.9046,-1815.9862,stage2
test/t5/653.png,streethazards,6.9055,-1090.9336,pass
test/t5/654.png,streethazards,8.2787,-970.2952,pass
test/t5/655.png,streethazards,11.6111,-1122.4923,pass
test/t5/656.png,streethazards,27.751,-1107.964,pass
test/t5/657.png,streethazards,5.6537,-1027.4091,pass
test/t5/658.png,streethazards,17.4942,-1210.5179,pass
test/t5/659.png,streethazards,2.5671,-1279.0176,pass
test/t5/66.png,streethazards,72.7763,-3327.2124,stage2
test/t5/660.png,streethazards,14.4281,-1245.7045,pass
test/t5/661.png,streethazards,7.8818,-1174.2786,pass
test/t5/662.png,streethazards,7.718,-1474.1647,stage2
test/t5/663.png,streethazards,15.7585,-1362.3862,pass
test/t5/664.png,streethazards,12.5892,-1291.97,pass
test/t5/665.png,streethazards,19.497,-1225.5508,pass
test/t5/666.png,streethazards,16.7618,-1453.519,stage2
test/t5/667.png,streethazards,14.6213,-1414.3888,pass
test/t5/668.png,streethazards,19.5941,-1493.2455,stage2
test/t5/669.png,streethazards,7.3379,-1306.8831,pass
test/t5/67.png,streethazards,69.9966,-3980.156,stage2
test/t5/670.png,streethazards,12.8844,-1304.5615,pass
test/t5/671.png,streethazards,11.3163,-1535.4022,stage2
test/t5/672.png,streethazards,16.4896,-2029.0042,stage2
test/t5/673.png,streethazards,10.2184,-1400.2809,pass
test/t5/674.png,streethazards,10.8142,-2644.1702,stage2
test/t5/675.png,streethazards,19.7851,-1399.9072,pass
test/t5/676.png,streethazards,24.2959,-1664.9406,stage2
test/t5/677.png,streethazards,24.1615,-2033.6317,stage2
test/t5/678.png,streethazards,33.8477,-1962.078,stage2
test/t5/679.png,streethazards,31.8371,-1642.5197,stage2
test/t5/68.png,streethazards,66.0391,-3673.6367,stage2
test/t5/680.png,streethazards,27.9599,-1581.6388,stage2
test/t5/681.png,streethazards,30.3026,-1642.7854,stage2
test/t5/682.png,streethazards,54.1253,-1365.4258,pass
test/t5/683.png,streethazards,12.8725,-1446.1125,stage2
test/t5/684.png,streethazards,31.7669,-1546.2749,stage2
test/t5/685.png,streethazards,6.5613,-1422.4496,pass
test/t5/686.png,streethazards,10.6268,-1686.2661,stage2
test/t5/687.png,streethazards,12.7786,-1850.9183,stage2
test/t5/688.png,streethazards,29.9782,-1525.1685,stage2
test/t5/689.png,streethazards,51.8146,-1588.5309,stage2
test/t5/69.png,streethazards,77.2243,-3917.9731,stage1
test/t5/690.png,streethazards,78.0459,-1685.9227,stage1
test/t5/691.png,streethazards,70.604,-2027.7582,stage2
test/t5/692.png,streethazards,116.3797,-2132.925,stage1
test/t5/693.png,streethazards,62.3488,-1961.9473,stage2
test/t5/694.png,streethazards,12.1004,-2026.103,stage2
test/t5/695.png,streethazards,53.4502,-1980.8616,stage2
test/t5/696.png,streethazards,22.9735,-2800.5249,stage2
test/t5/697.png,streethazards,108.59,-2403.9922,stage1
test/t5/698.png,streethazards,43.4896,-2045.6895,stage2
test/t5/699.png,streethazards,8.6236,-2398.407,stage2
test/t5/7.png,streethazards,143.9855,-2899.5281,stage1
test/t5/70.png,streethazards,75.9641,-4797.252,stage1
test/t5/700.png,streethazards,15.9808,-2342.6914,stage2
test/t5/701.png,streethazards,11.3144,-2709.2761,stage2
test/t5/702.png,streethazards,17.8345,-2377.3115,stage2
test/t5/703.png,streethazards,36.0474,-2736.2424,stage2
test/t5/704.png,streethazards,103.0642,-2957.6992,stage1
test/t5/705.png,streethazards,11.8056,-2996.4656,stage2
test/t5/706.png,streethazards,23.7137,-2096.6082,stage2
test/t5/707.png,streethazards,22.9793,-2079.073,stage2
test/t5/708.png,streethazards,33.3323,-2246.0039,stage2
test/t5/709.png,streethazards,23.2055,-2071.5593,stage2
test/t5/71.png,streethazards,54.7371,-4455.4956,stage2
test/t5/710.png,streethazards,52.2661,-2536.5044,stage2
test/t5/711.png,streethazards,32.4335,-2990.1477,stage2
test/t5/712.png,streethazards,35.2383,-2592.0669,stage2
test/t5/713.png,streethazards,13.381,-2506.2805,stage2
test/t5/714.png,streethazards,26.1114,-2263.4795,stage2
test/t5/715.png,streethazards,52.1088,-3441.1096,stage2
test/t5/716.png,streethazards,49.5052,-3498.7158,stage2
test/t5/717.png,streethazards,38.1072,-3252.1267,stage2
test/t5/718.png,streethazards,22.1702,-3499.4746,stage2
test/t5/719.png,streethazards,64.958,-3718.2173,stage2
test/t5/72.png,streethazards,83.4652,-4880.541,stage1
test/t5/720.png,streethazards,63.9016,-3142.8567,stage2
test/t5/721.png,streethazards,79.7376,-3252.5234,stage1
test/t5/722.png,streethazards,47.166,-3850.6116,stage2
test/t5/723.png,streethazards,33.9139,-3547.9946,stage2
test/t5/724.png,streethazards,41.6325,-4266.1841,stage2
test/t5/725.png,streethazards,57.3264,-4128.8452,stage2
test/t5/726.png,streethazards,34.5377,-3595.7556,stage2
test/t5/727.png,streethazards,56.7262,-4080.8362,stage2
test/t5/728.png,streethazards,54.1319,-3703.8743,stage2
test/t5/729.png,streethazards,40.5187,-4057.1335,stage2
test/t5/73.png,streethazards,40.8898,-4711.833,stage2
test/t5/730.png,streethazards,43.7069,-4560.1685,stage2
test/t5/731.png,streethazards,47.4329,-4489.3037,stage2
test/t5/732.png,streethazards,74.4375,-4018.4111,stage1
test/t5/733.png,streethazards,55.0763,-4130.6143,stage2
test/t5/734.png,streethazards,45.8803,-2797.2722,stage2
test/t5/735.png,streethazards,40.4874,-3321.4749,stage2
test/t5/736.png,streethazards,28.7685,-2167.5649,stage2
test/t5/737.png,streethazards,44.4966,-3047.4375,stage2
test/t5/738.png,streethazards,55.7001,-2785.4175,stage2
test/t5/739.png,streethazards,48.8454,-2765.699,stage2
test/t5/74.png,streethazards,60.7299,-3905.4854,stage2
test/t5/740.png,streethazards,64.4143,-2290.7849,stage2
test/t5/741.png,streethazards,63.7317,-2662.1477,stage2
test/t5/742.png,streethazards,60.8361,-2798.5427,stage2
test/t5/743.png,streethazards,64.3448,-2689.4197,stage2
test/t5/744.png,streethazards,80.9697,-2346.46,stage1
test/t5/745.png,streethazards,125.1663,-2726.6462,stage1
test/t5/746.png,streethazards,84.5377,-2560.6968,stage1
test/t5/747.png,streethazards,92.8207,-2972.5259,stage1
test/t5/748.png,streethazards,50.3781,-3106.9724,stage2
test/t5/749.png,streethazards,62.4375,-2702.1482,stage2
test/t5/75.png,streethazards,58.7152,-3687.9951,stage2
test/t5/750.png,streethazards,50.1643,-2638.3772,stage2
test/t5/751.png,streethazards,43.391,-3278.4768,stage2
test/t5/752.png,streethazards,47.7956,-2943.7239,stage2
test/t5/753.png,streethazards,50.8058,-4411.0659,stage2
test/t5/754.png,streethazards,56.9755,-3536.2112,stage2
test/t5/755.png,streethazards,80.8415,-4007.6794,stage1
test/t5/756.png,streethazards,88.8354,-3873.4846,stage1
test/t5/757.png,streethazards,66.3221,-4568.4312,stage2
test/t5/758.png,streethazards,69.4807,-5643.4043,stage2
test/t5/759.png,streethazards,75.0007,-3802.5693,stage1
test/t5/76.png,streethazards,55.264,-4158.7759,stage2
test/t5/760.png,streethazards,49.8255,-3163.158,stage2
test/t5/761.png,streethazards,36.9251,-3080.9072,stage2
test/t5/762.png,streethazards,35.1734,-2515.8618,stage2
test/t5/763.png,streethazards,57.2955,-3039.7898,stage2
test/t5/764.png,streethazards,52.0041,-2676.9563,stage2
test/t5/765.png,streethazards,43.3613,-3153.9543,stage2
test/t5/766.png,streethazards,37.8478,-2848.4856,stage2
test/t5/767.png,streethazards,54.6807,-3092.7458,stage2
test/t5/768.png,streethazards,105.7809,-2010.8875,stage1
test/t5/769.png,streethazards,71.8327,-2113.0293,stage2
test/t5/77.png,streethazards,49.7579,-4628.5361,stage2
test/t5/770.png,streethazards,124.2196,-2678.4155,stage1
test/t5/771.png,streethazards,86.7271,-2379.677,stage1
test/t5/772.png,streethazards,72.5456,-2254.4844,stage2
test/t5/773.png,streethazards,60.3223,-1798.3494,stage2
test/t5/774.png,streethazards,84.5597,-1944.825,stage1
test/t5/775.png,streethazards,78.2493,-1847.9653,stage1
test/t5/776.png,streethazards,82.8291,-2031.3429,stage1
test/t5/777.png,streethazards,56.139,-1592.1926,stage2
test/t5/778.png,streethazards,91.4632,-1264.6241,stage1
test/t5/779.png,streethazards,112.1615,-1629.6941,stage1
test/t5/78.png,streethazards,49.5099,-4758.6187,stage2
test/t5/780.png,streethazards,113.2773,-1437.3872,stage1
test/t5/781.png,streethazards,102.5577,-1386.9072,stage1
test/t5/782.png,streethazards,104.8368,-1406.2401,stage1
test/t5/783.png,streethazards,70.8045,-1376.7657,pass
test/t5/784.png,streethazards,77.888,-1417.1925,stage1
test/t5/785.png,streethazards,109.9844,-1790.5011,stage1
test/t5/786.png,streethazards,102.4462,-1392.1416,stage1
test/t5/787.png,streethazards,107.5182,-1857.6864,stage1
test/t5/788.png,streethazards,83.6888,-2056.1008,stage1
test/t5/789.png,streethazards,34.6387,-1150.2357,pass
test/t5/79.png,streethazards,57.7478,-4375.3423,stage2
test/t5/790.png,streethazards,39.1279,-1704.4834,stage2
test/t5/791.png,streethazards,35.3823,-1533.5222,stage2
test/t5/792.png,streethazards,30.406,-1390.8658,pass
test/t5/793.png,streethazards,30.7677,-1603.0975,stage2
test/t5/794.png,streethazards,87.9279,-1576.0087,stage1
test/t5/795.png,streethazards,59.748,-1682.1327,stage2
test/t5/796.png,streethazards,56.0794,-1942.557,stage2
test/t5/797.png,streethazards,39.9728,-1703.6023,stage2
test/t5/798.png,streethazards,55.9878,-1809.0042,stage2
test/t5/799.png,streethazards,82.5082,-1770.5178,stage1
test/t5/8.png,streethazards,66.147,-1846.7455,stage2
test/t5/80.png,streethazards,56.6638,-4142.3232,stage2
test/t5/800.png,streethazards,54.8679,-1662.2679,stage2
test/t5/801.png,streethazards,75.933,-1787.7042,stage1
test/t5/802.png,streethazards,44.7016,-1722.2164,stage2
test/t5/803.png,streethazards,78.8022,-1674.7482,stage1
test/t5/804.png,streethazards,55.0894,-1639.8055,stage2
test/t5/805.png,streethazards,36.4688,-1628.1101,stage2
test/t5/806.png,streethazards,41.5341,-1751.3993,stage2
test/t5/807.png,streethazards,37.0346,-1469.2365,stage2
test/t5/808.png,streethazards,62.4357,-1643.4797,stage2
test/t5/809.png,streethazards,68.4473,-6420.9297,stage2
test/t5/81.png,streethazards,69.7274,-4070.9697,stage2
test/t5/810.png,streethazards,15.096,-2806.3391,stage2
test/t5/811.png,streethazards,14.4997,-2209.45,stage2
test/t5/812.png,streethazards,25.6558,-2485.7788,stage2
test/t5/813.png,streethazards,7.1735,-2689.0352,stage2
test/t5/814.png,streethazards,11.3703,-2650.5498,stage2
test/t5/815.png,streethazards,11.6617,-3791.0425,stage2
test/t5/816.png,streethazards,12.4664,-2361.7102,stage2
test/t5/817.png,streethazards,15.9565,-1374.1896,pass
test/t5/818.png,streethazards,25.8313,-2118.4407,stage2
test/t5/819.png,streethazards,15.6073,-1983.2517,stage2
test/t5/82.png,streethazards,55.6916,-4105.1851,stage2
test/t5/820.png,streethazards,38.2348,-2017.9796,stage2
test/t5/821.png,streethazards,26.2718,-2064.2476,stage2
test/t5/822.png,streethazards,14.0247,-1930.9489,stage2
test/t5/823.png,streethazards,9.2821,-1925.1156,stage2
test/t5/824.png,streethazards,17.2478,-2003.3087,stage2
test/t5/825.png,streethazards,11.281,-2105.626,stage2
test/t5/826.png,streethazards,35.3023,-2867.5376,stage2
test/t5/827.png,streethazards,59.4965,-1691.897,stage2
test/t5/828.png,streethazards,94.202,-1649.7017,stage1
test/t5/829.png,streethazards,79.7445,-1531.4561,stage1
test/t5/83.png,streethazards,43.1669,-5205.6172,stage2
test/t5/830.png,streethazards,54.5473,-1908.7092,stage2
test/t5/831.png,streethazards,76.7343,-1991.1838,stage1
test/t5/832.png,streethazards,102.3567,-2238.2891,stage1
test/t5/833.png,streethazards,91.6479,-1830.9553,stage1
test/t5/834.png,streethazards,106.7187,-2202.0029,stage1
test/t5/835.png,streethazards,52.3445,-1697.7908,stage2
test/t5/836.png,streethazards,60.5002,-1440.8407,stage2
test/t5/837.png,streethazards,43.5608,-1543.2533,stage2
test/t5/838.png,streethazards,31.3948,-1655.9882,stage2
test/t5/839.png,streethazards,16.2934,-1397.1057,pass
test/t5/84.png,streethazards,58.4369,-5223.8242,stage2
test/t5/840.png,streethazards,20.1835,-2141.2471,stage2
test/t5/841.png,streethazards,27.1515,-1409.436,pass
test/t5/842.png,streethazards,49.8495,-1644.3716,stage2
test/t5/843.png,streethazards,24.9079,-1272.7621,pass
test/t5/844.png,streethazards,33.1251,-1637.5435,stage2
test/t5/845.png,streethazards,47.5616,-2277.2952,stage2
test/t5/846.png,streethazards,71.2404,-2675.6328,stage2
test/t5/847.png,streethazards,24.082,-2198.6824,stage2
test/t5/848.png,streethazards,6.6728,-2914.427,stage2
test/t5/849.png,streethazards,25.3951,-3858.6953,stage2
test/t5/85.png,streethazards,43.7733,-4932.5703,stage2
test/t5/850.png,streethazards,26.0476,-4114.3408,stage2
test/t5/851.png,streethazards,35.268,-3395.929,stage2
test/t5/852.png,streethazards,36.2531,-5177.8643,stage2
test/t5/853.png,streethazards,58.4615,-3899.4792,stage2
test/t5/854.png,streethazards,32.179,-2702.9556,stage2
test/t5/855.png,streethazards,64.2971,-3307.1096,stage2
test/t5/856.png,streethazards,43.993,-3268.585,stage2
test/t5/857.png,streethazards,59.1421,-2524.7795,stage2
test/t5/858.png,streethazards,37.2121,-2080.4719,stage2
test/t5/859.png,streethazards,52.6873,-1859.6816,stage2
test/t5/86.png,streethazards,75.4743,-4351.8193,stage1
test/t5/860.png,streethazards,52.5065,-1974.7706,stage2
test/t5/861.png,streethazards,52.2189,-1826.0814,stage2
test/t5/862.png,streethazards,41.9461,-2437.9756,stage2
test/t5/863.png,streethazards,43.4576,-2420.0854,stage2
test/t5/864.png,streethazards,56.871,-2727.999,stage2
test/t5/865.png,streethazards,60.3505,-2511.592,stage2
test/t5/866.png,streethazards,33.7518,-2225.8855,stage2
test/t5/867.png,streethazards,31.9642,-2583.9912,stage2
test/t5/868.png,streethazards,56.3846,-2291.0811,stage2
test/t5/869.png,streethazards,50.5554,-2201.2947,stage2
test/t5/87.png,streethazards,58.8361,-4342.9819,stage2
test/t5/870.png,streethazards,35.069,-2215.9236,stage2
test/t5/871.png,streethazards,74.4486,-2402.9746,stage1
test/t5/872.png,streethazards,67.738,-2347.8562,stage2
test/t5/873.png,streethazards,70.1202,-2298.7285,stage2
test/t5/874.png,streethazards,95.4815,-2299.4097,stage1
test/t5/875.png,streethazards,55.166,-2446.3918,stage2
test/t5/876.png,streethazards,93.9948,-2691.1658,stage1
test/t5/877.png,streethazards,95.657,-1922.5863,stage1
test/t5/878.png,streethazards,15.4818,-1953.5436,stage2
test/t5/879.png,streethazards,7.6837,-1643.1877,stage2
test/t5/88.png,streethazards,42.2786,-4492.8628,stage2
test/t5/880.png,streethazards,19.3759,-1889.3589,stage2
test/t5/881.png,streethazards,5.9722,-1743.7845,stage2
test/t5/882.png,streethazards,16.5449,-1689.4463,stage2
test/t5/883.png,streethazards,8.1519,-1590.5601,stage2
test/t5/884.png,streethazards,14.9247,-1904.4844,stage2
test/t5/885.png,streethazards,17.6162,-1724.738,stage2
test/t5/886.png,streethazards,13.4971,-1509.7974,stage2
test/t5/887.png,streethazards,10.7292,-1686.829,stage2
test/t5/888.png,streethazards,8.2651,-1717.719,stage2
test/t5/889.png,streethazards,11.7611,-1923.1837,stage2
test/t5/89.png,streethazards,42.4124,-4878.1758,stage2
test/t5/890.png,streethazards,18.6795,-1916.5573,stage2
test/t5/891.png,streethazards,19.1589,-1721.8529,stage2
test/t5/892.png,streethazards,21.8719,-2100.8423,stage2
test/t5/893.png,streethazards,15.4701,-2030.6436,stage2
test/t5/894.png,streethazards,33.9317,-2343.9304,stage2
test/t5/895.png,streethazards,7.4214,-2308.8535,stage2
test/t5/896.png,streethazards,7.7638,-1736.4473,stage2
test/t5/897.png,streethazards,28.8496,-2744.6306,stage2
test/t5/898.png,streethazards,24.3567,-2076.3147,stage2
test/t5/899.png,streethazards,10.6046,-1844.6169,stage2
test/t5/9.png,streethazards,57.7265,-1918.139,stage2
test/t5/90.png,streethazards,46.6128,-4516.4678,stage2
test/t5/900.png,streethazards,12.6884,-2155.5337,stage2
test/t5/901.png,streethazards,32.198,-2137.9229,stage2
test/t5/902.png,streethazards,31.5258,-2029.132,stage2
test/t5/903.png,streethazards,18.8392,-1842.205,stage2
test/t5/904.png,streethazards,32.4228,-2240.9019,stage2
test/t5/905.png,streethazards,32.0027,-1780.0126,stage2
test/t5/906.png,streethazards,46.8793,-1962.7825,stage2
test/t5/907.png,streethazards,9.6268,-1715.6556,stage2
test/t5/908.png,streethazards,17.8658,-1823.0205,stage2
test/t5/909.png,streethazards,38.408,-1918.691,stage2
test/t5/91.png,streethazards,54.4983,-4520.3008,stage2
test/t5/910.png,streethazards,32.3369,-1784.1022,stage2
test/t5/911.png,streethazards,17.8327,-1538.5176,stage2
test/t5/912.png,streethazards,40.9898,-1626.2838,stage2
test/t5/913.png,streethazards,9.2659,-2148.4097,stage2
test/t5/914.png,streethazards,37.4186,-1768.4243,stage2
test/t5/915.png,streethazards,37.4931,-1879.8362,stage2
test/t5/916.png,streethazards,59.971,-2262.6409,stage2
test/t5/917.png,streethazards,36.9382,-1977.2506,stage2
test/t5/918.png,streethazards,39.7043,-2368.3955,stage2
test/t5/919.png,streethazards,25.1627,-2397.2024,stage2
test/t5/92.png,streethazards,100.4407,-4187.0933,stage1
test/t5/920.png,streethazards,25.922,-3653.355,stage2
test/t5/921.png,streethazards,10.703,-4845.8711,stage2
test/t5/922.png,streethazards,30.7839,-6073.0601,stage2
test/t5/923.png,streethazards,13.1085,-5080.8945,stage2
test/t5/924.png,streethazards,14.4082,-4370.6543,stage2
test/t5/925.png,streethazards,20.8434,-4164.7266,stage2
test/t5/926.png,streethazards,23.9984,-5076.9404,stage2
test/t5/927.png,streethazards,21.423,-4346.813,stage2
test/t5/928.png,streethazards,19.6992,-2688.4326,stage2
test/t5/929.png,streethazards,48.2994,-2412.2524,stage2
test/t5/93.png,streethazards,60.5682,-4367.0532,stage2
test/t5/930.png,streethazards,19.9532,-1977.4207,stage2
test/t5/931.png,streethazards,24.9518,-2498.7466,stage2
test/t5/932.png,streethazards,64.0579,-2252.5637,stage2
test/t5/933.png,streethazards,60.2026,-2195.311,stage2
test/t5/934.png,streethazards,50.4207,-2021.4486,stage2
test/t5/935.png,streethazards,37.4458,-2161.5745,stage2
test/t5/936.png,streethazards,26.2084,-1569.8463,stage2
test/t5/937.png,streethazards,52.6533,-2006.7842,stage2
test/t5/938.png,streethazards,27.714,-1802.3452,stage2
test/t5/939.png,streethazards,35.3328,-1670.053,stage2
test/t5/94.png,streethazards,63.7933,-4716.9648,stage2
test/t5/940.png,streethazards,27.1361,-2105.6709,stage2
test/t5/941.png,streethazards,30.6619,-1919.243,stage2
test/t5/942.png,streethazards,36.0964,-1341.3762,pass
test/t5/943.png,streethazards,28.7456,-1432.1235,stage2
test/t5/944.png,streethazards,116.5636,-2005.1506,stage1
test/t5/945.png,streethazards,114.9306,-2057.8093,stage1
test/t5/946.png,streethazards,95.9455,-2133.0132,stage1
test/t5/947.png,streethazards,109.0665,-1820.8824,stage1
test/t5/948.png,streethazards,46.0217,-2209.7329,stage2
test/t5/949.png,streethazards,56.9576,-1914.9506,stage2
test/t5/95.png,streethazards,48.567,-4149.478,stage2
test/t5/950.png,streethazards,83.127,-2054.6067,stage1
test/t5/951.png,streethazards,84.3787,-1753.0408,stage1
test/t5/952.png,streethazards,97.9389,-2025.2544,stage1
test/t5/953.png,streethazards,83.7529,-1742.8733,stage1
test/t5/954.png,streethazards,130.4778,-1778.2512,stage1
test/t5/955.png,streethazards,81.275,-1457.0869,stage1
test/t5/956.png,streethazards,63.9603,-1502.6382,stage2
test/t5/957.png,streethazards,30.8095,-1414.4323,pass
test/t5/958.png,streethazards,29.0875,-1435.7925,stage2
test/t5/959.png,streethazards,10.9613,-1498.84,stage2
test/t5/96.png,streethazards,68.7189,-5446.7837,stage2
test/t5/960.png,streethazards,31.8856,-1548.9432,stage2
test/t5/961.png,streethazards,50.9656,-1859.941,stage2
test/t5/962.png,streethazards,26.9161,-1925.5229,stage2
test/t5/963.png,streethazards,39.4453,-2016.5886,stage2
test/t5/964.png,streethazards,36.6725,-2417.199,stage2
test/t5/965.png,streethazards,22.72,-2025.0675,stage2
test/t5/966.png,streethazards,28.3051,-2950.5342,stage2
test/t5/967.png,streethazards,19.2654,-2030.8074,stage2
test/t5/968.png,streethazards,32.4628,-2403.9294,stage2
test/t5/969.png,streethazards,36.5683,-2225.9297,stage2
test/t5/97.png,streethazards,91.2261,-3564.8037,stage1
test/t5/970.png,streethazards,45.7033,-2681.1506,stage2
test/t5/971.png,streethazards,26.6194,-2389.7979,stage2
test/t5/972.png,streethazards,52.6966,-3052.3416,stage2
test/t5/973.png,streethazards,29.132,-5265.4941,stage2
test/t5/974.png,streethazards,22.109,-5044.4497,stage2
test/t5/975.png,streethazards,23.2474,-5214.8184,stage2
test/t5/976.png,streethazards,15.7332,-3660.063,stage2
test/t5/977.png,streethazards,15.2933,-3617.6226,stage2
test/t5/978.png,streethazards,24.9781,-2834.9202,stage2
test/t5/979.png,streethazards,72.8204,-2025.451,stage2
test/t5/98.png,streethazards,68.9531,-4187.9175,stage2
test/t5/980.png,streethazards,51.8682,-4090.0093,stage2
test/t5/981.png,streethazards,67.5291,-3080.573,stage2
test/t5/982.png,streethazards,53.4117,-3020.981,stage2
test/t5/983.png,streethazards,24.4907,-1314.6002,pass
test/t5/984.png,streethazards,13.4873,-1787.9271,stage2
test/t5/985.png,streethazards,37.5318,-3877.2986,stage2
test/t5/986.png,streethazards,149.7866,-2730.9143,stage1
test/t5/987.png,streethazards,68.6283,-2615.4795,stage2
test/t5/988.png,streethazards,98.2807,-1112.0057,stage1
test/t5/989.png,streethazards,87.705,-1218.5864,stage1
test/t5/99.png,streethazards,54.5534,-6103.4346,stage2
test/t5/990.png,streethazards,69.8912,-1994.2845,stage2
test/t5/991.png,streethazards,87.5656,-2466.4585,stage1
test/t5/992.png,streethazards,82.5725,-2095.7859,stage1
test/t5/993.png,streethazards,59.59,-1814.4189,stage2
test/t5/994.png,streethazards,64.0426,-2727.9219,stage2
test/t5/995.png,streethazards,38.0897,-2964.2961,stage2
test/t5/996.png,streethazards,49.7489,-2574.8979,stage2
test/t5/997.png,streethazards,84.0047,-1692.149,stage1
test/t5/998.png,streethazards,54.8327,-2143.0024,stage2
test/t5/999.png,streethazards,17.5213,-1963.9631,stage2
test/t6/1025.png,streethazards,49.4964,-50441.0547,stage2
test/t6/1026.png,streethazards,40.3944,-3421.7327,stage2
test/t6/1027.png,streethazards,187.7101,-5285.748,stage1
test/t6/1028.png,streethazards,17.1216,-2679.3875,stage2
test/t6/1029.png,streethazards,249.2332,-3767.094,stage1
test/t6/1030.png,streethazards,24.9538,-3624.2297,stage2
test/t6/1031.png,streethazards,30.5095,-2677.9822,stage2
test/t6/1032.png,streethazards,6.178,-5696.3442,stage2
test/t6/1033.png,streethazards,19.6986,-6143.7603,stage2
test/t6/1034.png,streethazards,77.0357,-1991.7234,stage1
test/t6/1035.png,streethazards,136.5203,-1752.6008,stage1
test/t6/1036.png,streethazards,129.6899,-1674.0642,stage1
test/t6/1037.png,streethazards,99.8038,-1637.9104,stage1
test/t6/1038.png,streethazards,185.8648,-2098.0823,stage1
test/t6/1039.png,streethazards,165.2455,-1733.1226,stage1
test/t6/1040.png,streethazards,141.2664,-1547.1173,stage1
test/t6/1041.png,streethazards,163.2154,-1627.3649,stage1
test/t6/1042.png,streethazards,129.6943,-3386.5403,stage1
test/t6/1043.png,streethazards,128.7874,-3189.3542,stage1
test/t6/1044.png,streethazards,306.729,-1282.259,stage1
test/t6/1045.png,streethazards,286.5385,-1430.8557,stage1
test/t6/1046.png,streethazards,296.4741,-1499.8274,stage1
test/t6/1047.png,streethazards,204.7219,-2217.481,stage1
test/t6/1048.png,streethazards,164.0193,-1606.5281,stage1
test/t6/1049.png,streethazards,223.8065,-2229.5137,stage1
test/t6/1050.png,streethazards,122.5387,-1876.8684,stage1
test/t6/1051.png,streethazards,138.8463,-1901.5361,stage1
test/t6/1052.png,streethazards,71.8506,-2164.5222,stage2
test/t6/1053.png,streethazards,140.2675,-1295.0491,stage1
test/t6/1054.png,streethazards,132.7935,-1045.2103,stage1
test/t6/1055.png,streethazards,117.3771,-1173.0231,stage1
test/t6/1056.png,streethazards,122.1675,-1232.8787,stage1
test/t6/1057.png,streethazards,164.7354,-1499.3619,stage1
test/t6/1058.png,streethazards,198.9699,-1754.9125,stage1
test/t6/1059.png,streethazards,54.458,-1888.4215,stage2
test/t6/1060.png,streethazards,68.7676,-1604.1613,stage2
test/t6/1061.png,streethazards,158.8712,-1743.4865,stage1
test/t6/1062.png,streethazards,100.9857,-1853.8351,stage1
test/t6/1063.png,streethazards,146.2126,-1544.9795,stage1
test/t6/1064.png,streethazards,122.9321,-1598.9911,stage1
test/t6/1065.png,streethazards,126.5546,-1444.037,stage1
test/t6/1066.png,streethazards,111.3997,-1764.2317,stage1
test/t6/1067.png,streethazards,86.3552,-1451.1271,stage1
test/t6/1068.png,streethazards,95.3497,-1501.8884,stage1
test/t6/1069.png,streethazards,70.3748,-1352.2452,pass
test/t6/1070.png,streethazards,81.0577,-1460.1334,stage1
test/t6/1071.png,streethazards,48.5732,-1387.6038,pass
test/t6/1072.png,streethazards,43.3764,-1722.1898,stage2
test/t6/1073.png,streethazards,84.3121,-1707.6692,stage1
test/t6/1074.png,streethazards,84.048,-1973.5725,stage1
test/t6/1075.png,streethazards,94.1613,-2417.6252,stage1
test/t6/1076.png,streethazards,74.2063,-2552.9448,stage1
test/t6/1077.png,streethazards,96.2578,-3101.4277,stage1
test/t6/1078.png,streethazards,114.8532,-1818.8987,stage1
test/t6/1079.png,streethazards,69.1606,-4670.2026,stage2
test/t6/1080.png,streethazards,112.1082,-2501.9785,stage1
test/t6/1081.png,streethazards,135.2249,-2707.6162,stage1
test/t6/1082.png,streethazards,26.4301,-3030.8633,stage2
test/t6/1083.png,streethazards,20.3686,-2532.7515,stage2
test/t6/1084.png,streethazards,29.8136,-1412.7716,pass
test/t6/1085.png,streethazards,11.5047,-1478.447,stage2
test/t6/1086.png,streethazards,7.1856,-1688.646,stage2
test/t6/1087.png,streethazards,17.8411,-1779.5356,stage2
test/t6/1088.png,streethazards,10.8121,-1683.6807,stage2
test/t6/1089.png,streethazards,6.8498,-2952.0244,stage2
test/t6/1090.png,streethazards,13.1821,-3505.4561,stage2
test/t6/1091.png,streethazards,10.968,-3218.8137,stage2
test/t6/1092.png,streethazards,20.411,-3528.6733,stage2
test/t6/1093.png,streethazards,8.1725,-3065.1394,stage2
test/t6/1094.png,streethazards,10.2638,-2184.5312,stage2
test/t6/1095.png,streethazards,197.3161,-3794.3743,stage1
test/t6/1096.png,streethazards,164.9826,-4155.1206,stage1
test/t6/1097.png,streethazards,179.6995,-4412.1221,stage1
test/t6/1098.png,streethazards,98.3636,-4722.5825,stage1
test/t6/1099.png,streethazards,146.7818,-2711.5742,stage1
test/t6/1100.png,streethazards,105.1525,-2358.8269,stage1
test/t6/1101.png,streethazards,156.2784,-2130.3005,stage1
test/t6/1102.png,streethazards,100.6847,-2094.9685,stage1
test/t6/1103.png,streethazards,29.511,-3092.6301,stage2
test/t6/1104.png,streethazards,136.9012,-2661.5,stage1
test/t6/1105.png,streethazards,113.8885,-3159.3369,stage1
test/t6/1106.png,streethazards,177.5762,-3454.8853,stage1
test/t6/1107.png,streethazards,176.2644,-4374.4116,stage1
test/t6/1108.png,streethazards,121.4513,-4260.7876,stage1
test/t6/1109.png,streethazards,102.3609,-5508.0137,stage1
test/t6/1110.png,streethazards,84.0383,-3732.0911,stage1
test/t6/1111.png,streethazards,118.8128,-5873.1465,stage1
test/t6/1112.png,streethazards,101.9117,-4678.0776,stage1
test/t6/1113.png,streethazards,59.9854,-4412.1504,stage2
test/t6/1114.png,streethazards,69.9672,-6545.4785,stage2
test/t6/1115.png,streethazards,156.8479,-4358.0186,stage1
test/t6/1116.png,streethazards,90.2244,-3878.8792,stage1
test/t6/1117.png,streethazards,94.2173,-4075.4773,stage1
test/t6/1118.png,streethazards,135.341,-3085.8555,stage1
test/t6/1119.png,streethazards,138.4323,-3286.4702,stage1
test/t6/1120.png,streethazards,224.6822,-2744.3127,stage1
test/t6/1121.png,streethazards,185.0147,-2911.0947,stage1
test/t6/1122.png,streethazards,108.6049,-2978.0603,stage1
test/t6/1123.png,streethazards,85.8511,-1952.8414,stage1
test/t6/1124.png,streethazards,22.5502,-5380.7383,stage2
test/t6/1125.png,streethazards,138.973,-3336.4875,stage1
test/t6/1126.png,streethazards,152.9858,-2472.1096,stage1
test/t6/1127.png,streethazards,134.8225,-1974.3093,stage1
test/t6/1128.png,streethazards,115.043,-2179.8411,stage1
test/t6/1129.png,streethazards,75.766,-2136.2134,stage1
test/t6/1130.png,streethazards,133.4603,-1871.1593,stage1
test/t6/1131.png,streethazards,122.4381,-1571.7869,stage1
test/t6/1132.png,streethazards,185.6265,-2417.5566,stage1
test/t6/1133.png,streethazards,76.2593,-2616.5618,stage1
test/t6/1134.png,streethazards,152.4732,-3240.9041,stage1
test/t6/1135.png,streethazards,96.089,-3085.1934,stage1
test/t6/1136.png,streethazards,59.8409,-1645.609,stage2
test/t6/1137.png,streethazards,93.9318,-1905.1442,stage1
test/t6/1138.png,streethazards,33.2762,-2204.9807,stage2
test/t6/1139.png,streethazards,131.3407,-1658.9037,stage1
test/t6/1140.png,streethazards,139.1779,-2186.0774,stage1
test/t6/1141.png,streethazards,104.1651,-1675.6863,stage1
test/t6/1142.png,streethazards,69.0208,-1893.1278,stage2
test/t6/1143.png,streethazards,78.1516,-1592.0234,stage1
test/t6/1144.png,streethazards,59.184,-3737.5618,stage2
test/t6/1145.png,streethazards,21.486,-4353.9961,stage2
test/t6/1146.png,streethazards,11.9597,-8773.2178,stage2
test/t6/1147.png,streethazards,20.9214,-12940.7686,stage2
test/t6/1148.png,streethazards,8.485,-4879.0073,stage2
test/t6/1149.png,streethazards,22.9392,-4562.9468,stage2
test/t6/1150.png,streethazards,7.0673,-4192.2231,stage2
test/t6/1151.png,streethazards,25.5714,-2362.2336,stage2
test/t6/1152.png,streethazards,5.3662,-2926.6877,stage2
test/t6/1153.png,streethazards,19.1219,-2019.6394,stage2
test/t6/1154.png,streethazards,10.7727,-2327.5935,stage2
test/t6/1155.png,streethazards,12.2775,-2285.4609,stage2
test/t6/1156.png,streethazards,10.4724,-3036.5305,stage2
test/t6/1157.png,streethazards,14.5596,-3773.1887,stage2
test/t6/1158.png,streethazards,11.613,-2893.439,stage2
test/t6/1159.png,streethazards,12.0071,-1636.9724,stage2
test/t6/1160.png,streethazards,51.5605,-1678.8997,stage2
test/t6/1161.png,streethazards,24.6481,-1726.9073,stage2
test/t6/1162.png,streethazards,146.8626,-2202.4919,stage1
test/t6/1163.png,streethazards,125.007,-2022.1042,stage1
test/t6/1164.png,streethazards,157.2022,-2192.9751,stage1
test/t6/1165.png,streethazards,167.4693,-1913.4592,stage1
test/t6/1166.png,streethazards,113.5507,-2022.8793,stage1
test/t6/1167.png,streethazards,135.559,-1888.7384,stage1
test/t6/1168.png,streethazards,94.6792,-1881.4878,stage1
test/t6/1169.png,streethazards,106.9199,-1818.1876,stage1
test/t6/1170.png,streethazards,134.1464,-1513.1746,stage1
test/t6/1171.png,streethazards,122.6368,-1625.5295,stage1
test/t6/1172.png,streethazards,228.2117,-2713.6663,stage1
test/t6/1173.png,streethazards,220.3552,-2817.6672,stage1
test/t6/1174.png,streethazards,209.4082,-2410.9854,stage1
test/t6/1175.png,streethazards,225.737,-2203.9604,stage1
test/t6/1176.png,streethazards,234.2861,-2623.489,stage1
test/t6/1177.png,streethazards,229.705,-2643.1689,stage1
test/t6/1178.png,streethazards,154.6281,-2046.45,stage1
test/t6/1179.png,streethazards,199.4184,-1658.2163,stage1
test/t6/1180.png,streethazards,245.1535,-1820.1259,stage1
test/t6/1181.png,streethazards,65.2078,-2400.313,stage2
test/t6/1182.png,streethazards,68.1667,-2480.7588,stage2
test/t6/1183.png,streethazards,226.4784,-2092.3606,stage1
test/t6/1184.png,streethazards,116.7426,-2862.6589,stage1
test/t6/1185.png,streethazards,38.1809,-2599.9763,stage2
test/t6/1186.png,streethazards,13.78,-2811.676,stage2
test/t6/1187.png,streethazards,7.7052,-2547.1902,stage2
test/t6/1188.png,streethazards,11.5422,-2751.8811,stage2
test/t6/1189.png,streethazards,12.0616,-2662.7305,stage2
test/t6/1190.png,streethazards,28.5507,-3147.7573,stage2
test/t6/1191.png,streethazards,18.8699,-2279.5642,stage2
test/t6/1192.png,streethazards,53.3449,-2753.9231,stage2
test/t6/1193.png,streethazards,20.3554,-2830.9011,stage2
test/t6/1194.png,streethazards,26.1045,-2008.056,stage2
test/t6/1195.png,streethazards,53.1002,-2044.7137,stage2
test/t6/1196.png,streethazards,39.7434,-2283.5093,stage2
test/t6/1197.png,streethazards,19.0296,-3200.8628,stage2
test/t6/1198.png,streethazards,26.9413,-3057.5979,stage2
test/t6/1199.png,streethazards,5.2686,-3075.2336,stage2
test/t6/1200.png,streethazards,44.1656,-3617.394,stage2
test/t6/1201.png,streethazards,4.4523,-2409.7495,stage2
test/t6/1202.png,streethazards,12.7013,-1804.0044,stage2
test/t6/1203.png,streethazards,14.5984,-3334.4592,stage2
test/t6/1204.png,streethazards,121.4332,-5913.3677,stage1
test/t6/1205.png,streethazards,111.2951,-6340.1738,stage1
test/t6/1206.png,streethazards,101.2211,-3756.7388,stage1
test/t6/1207.png,streethazards,190.0255,-4071.3857,stage1
test/t6/1208.png,streethazards,167.5368,-3492.48,stage1
test/t6/1209.png,streethazards,144.6195,-2913.7476,stage1
test/t6/1210.png,streethazards,163.2607,-2864.2832,stage1
test/t6/1211.png,streethazards,205.421,-2721.9807,stage1
test/t6/1212.png,streethazards,148.1208,-2106.3948,stage1
test/t6/1213.png,streethazards,115.8042,-2595.5754,stage1
test/t6/1214.png,streethazards,115.0498,-2003.9015,stage1
test/t6/1215.png,streethazards,141.9929,-1764.9403,stage1
test/t6/1216.png,streethazards,154.7028,-2227.9441,stage1
test/t6/1217.png,streethazards,151.8085,-2201.134,stage1
test/t6/1218.png,streethazards,198.9656,-2118.5554,stage1
test/t6/1219.png,streethazards,273.7846,-2595.6772,stage1
test/t6/1220.png,streethazards,177.6365,-2537.9417,stage1
test/t6/1221.png,streethazards,212.6581,-2052.9031,stage1
test/t6/1222.png,streethazards,157.8297,-1996.5759,stage1
test/t6/1223.png,streethazards,204.3113,-5518.4375,stage1
test/t6/1224.png,streethazards,128.2875,-2498.5903,stage1
test/t6/1225.png,streethazards,168.2353,-4716.3765,stage1
test/t6/1226.png,streethazards,198.7007,-4761.8662,stage1
test/t6/1227.png,streethazards,151.2319,-3855.4912,stage1
test/t6/1228.png,streethazards,46.5285,-3591.6802,stage2
test/t6/1229.png,streethazards,126.8259,-1982.1476,stage1
test/t6/1230.png,streethazards,89.7447,-1949.9191,stage1
test/t6/1231.png,streethazards,97.8716,-2364.5344,stage1
test/t6/1232.png,streethazards,119.2753,-2111.554,stage1
test/t6/1233.png,streethazards,105.9719,-2310.9026,stage1
test/t6/1234.png,streethazards,81.5432,-2458.792,stage1
test/t6/1235.png,streethazards,163.5978,-2023.9972,stage1
test/t6/1236.png,streethazards,232.8209,-1889.0665,stage1
test/t6/1237.png,streethazards,182.4003,-2108.1768,stage1
test/t6/1238.png,streethazards,182.216,-2077.8313,stage1
test/t6/1239.png,streethazards,141.5862,-1889.1512,stage1
test/t6/1240.png,streethazards,203.2041,-2460.3992,stage1
test/t6/1241.png,streethazards,175.2951,-1809.7107,stage1
test/t6/1242.png,streethazards,187.8907,-1802.0726,stage1
test/t6/1243.png,streethazards,64.2937,-1847.3669,stage2
test/t6/1244.png,streethazards,65.0079,-1765.2338,stage2
test/t6/1245.png,streethazards,103.6677,-2125.8054,stage1
test/t6/1246.png,streethazards,149.4613,-1979.3293,stage1
test/t6/1247.png,streethazards,146.827,-1578.8986,stage1
test/t6/1248.png,streethazards,152.4037,-1441.941,stage1
test/t6/1249.png,streethazards,174.7157,-1432.9971,stage1
test/t6/1250.png,streethazards,107.8132,-1467.6053,stage1
test/t6/1251.png,streethazards,138.7194,-1145.1134,stage1
test/t6/1252.png,streethazards,105.7024,-1286.1072,stage1
test/t6/1253.png,streethazards,158.7033,-1514.432,stage1
test/t6/1254.png,streethazards,223.3046,-1488.9763,stage1
test/t6/1255.png,streethazards,189.2733,-1494.7468,stage1
test/t6/1256.png,streethazards,217.0084,-1657.7715,stage1
test/t6/1257.png,streethazards,226.8027,-2057.9446,stage1
test/t6/1258.png,streethazards,165.8512,-2002.5979,stage1
test/t6/1259.png,streethazards,177.7091,-1951.0293,stage1
test/t6/1260.png,streethazards,192.117,-1906.0123,stage1
test/t6/1261.png,streethazards,195.6717,-2009.9116,stage1
test/t6/1262.png,streethazards,187.7503,-1820.7081,stage1
test/t6/1263.png,streethazards,99.0781,-1634.7809,stage1
test/t6/1264.png,streethazards,13.3143,-8964.3906,stage2
test/t6/1265.png,streethazards,53.4497,-10529.6455,stage2
test/t6/1266.png,streethazards,14.0169,-3098.6101,stage2
test/t6/1267.png,streethazards,18.5978,-2404.0239,stage2
test/t6/1268.png,streethazards,7.2457,-1534.7413,stage2
test/t6/1269.png,streethazards,9.1231,-1436.5796,stage2
test/t6/1270.png,streethazards,16.3575,-1120.0154,pass
test/t6/1271.png,streethazards,12.6968,-1071.9625,pass
test/t6/1272.png,streethazards,15.9976,-1230.8444,pass
test/t6/1273.png,streethazards,8.982,-1233.7689,pass
test/t6/1274.png,streethazards,18.0814,-1362.1965,pass
test/t6/1275.png,streethazards,19.4008,-1255.7827,pass
test/t6/1276.png,streethazards,26.0367,-1628.5038,stage2
test/t6/1277.png,streethazards,19.9246,-1709.6968,stage2
test/t6/1278.png,streethazards,13.5573,-1555.308,stage2
test/t6/1279.png,streethazards,13.6397,-1899.4717,stage2
test/t6/1280.png,streethazards,27.2448,-2467.6487,stage2
test/t6/1281.png,streethazards,13.3845,-1796.3696,stage2
test/t6/1282.png,streethazards,10.0353,-1450.7574,stage2
test/t6/1283.png,streethazards,13.0182,-1607.2368,stage2
test/t6/1284.png,streethazards,12.6031,-1411.6896,pass
test/t6/1285.png,streethazards,14.9342,-1876.5636,stage2
test/t6/1286.png,streethazards,6.314,-2455.6816,stage2
test/t6/1287.png,streethazards,28.0816,-3567.8113,stage2
test/t6/1288.png,streethazards,21.1936,-1779.3846,stage2
test/t6/1289.png,streethazards,14.408,-1351.9003,pass
test/t6/1290.png,streethazards,6.4148,-1872.6002,stage2
test/t6/1291.png,streethazards,15.0498,-2765.8145,stage2
test/t6/1292.png,streethazards,38.9346,-3277.1584,stage2
test/t6/1293.png,streethazards,16.22,-3226.2036,stage2
test/t6/1294.png,streethazards,44.3879,-2487.4319,stage2
test/t6/1295.png,streethazards,26.8155,-1920.4386,stage2
test/t6/1296.png,streethazards,12.0284,-2006.2195,stage2
test/t6/1297.png,streethazards,16.7857,-1402.9215,pass
test/t6/1298.png,streethazards,6.1257,-1727.0552,stage2
test/t6/1299.png,streethazards,13.4164,-1139.4595,pass
test/t6/1300.png,streethazards,18.7281,-1337.9012,pass
test/t6/1301.png,streethazards,28.9079,-1906.0107,stage2
test/t6/1302.png,streethazards,20.824,-1740.4955,stage2
test/t6/1303.png,streethazards,18.9635,-1823.2921,stage2
test/t6/1304.png,streethazards,5.5557,-1720.5713,stage2
test/t6/1305.png,streethazards,7.7755,-1966.5322,stage2
test/t6/1306.png,streethazards,14.4719,-4736.2407,stage2
test/t6/1307.png,streethazards,9.1528,-4386.8301,stage2
test/t6/1308.png,streethazards,17.9155,-3849.8999,stage2
test/t6/1309.png,streethazards,8.3856,-3960.6445,stage2
test/t6/1310.png,streethazards,17.0952,-1723.2579,stage2
test/t6/1311.png,streethazards,13.9629,-1057.0538,pass
test/t6/1312.png,streethazards,29.8433,-1091.6073,pass
test/t6/1313.png,streethazards,28.0201,-1195.0392,pass
test/t6/1314.png,streethazards,8.9993,-1496.7245,stage2
test/t6/1315.png,streethazards,18.2876,-1260.3127,pass
test/t6/1316.png,streethazards,21.389,-1668.4865,stage2
test/t6/1317.png,streethazards,33.4104,-1455.334,stage2
test/t6/1318.png,streethazards,27.8408,-1521.4771,stage2
test/t6/1319.png,streethazards,42.1971,-2219.9094,stage2
test/t6/1320.png,streethazards,70.7913,-2500.613,stage2
test/t6/1321.png,streethazards,41.255,-2766.6907,stage2
test/t6/1322.png,streethazards,46.1907,-2507.6436,stage2
test/t6/1323.png,streethazards,27.546,-5626.8379,stage2
test/t6/1324.png,streethazards,32.4346,-9068.6426,stage2
test/t6/1325.png,streethazards,89.1232,-3537.4709,stage1
test/t6/1326.png,streethazards,51.4012,-2407.5715,stage2
test/t6/1327.png,streethazards,67.8369,-2135.8833,stage2
test/t6/1328.png,streethazards,97.4854,-1902.2297,stage1
test/t6/1329.png,streethazards,123.5223,-2313.8755,stage1
test/t6/1330.png,streethazards,56.0314,-2216.4719,stage2
test/t6/1331.png,streethazards,104.637,-2097.0024,stage1
test/t6/1332.png,streethazards,69.2831,-1635.4075,stage2
test/t6/1333.png,streethazards,62.5781,-1774.2322,stage2
test/t6/1334.png,streethazards,67.1867,-1962.7611,stage2
test/t6/1335.png,streethazards,69.8454,-1709.3406,stage2
test/t6/1336.png,streethazards,88.6852,-1462.5277,stage1
test/t6/1337.png,streethazards,45.5819,-1619.097,stage2
test/t6/1338.png,streethazards,142.4995,-1446.1404,stage1
test/t6/1339.png,streethazards,50.5122,-1188.3569,pass
test/t6/1340.png,streethazards,51.1339,-1229.7753,pass
test/t6/1341.png,streethazards,99.1097,-1345.1432,stage1
test/t6/1342.png,streethazards,129.675,-1265.3088,stage1
test/t6/1343.png,streethazards,89.9565,-1306.5573,stage1
test/t6/1344.png,streethazards,60.2919,-1629.4954,stage2
test/t6/1345.png,streethazards,90.0882,-1221.0137,stage1
test/t6/1346.png,streethazards,93.9775,-1408.8593,stage1
test/t6/1347.png,streethazards,43.041,-1445.1086,stage2
test/t6/1348.png,streethazards,115.8412,-1406.6941,stage1
test/t6/1349.png,streethazards,74.6969,-1689.1467,stage1
test/t6/1350.png,streethazards,106.5497,-1795.2711,stage1
test/t6/1351.png,streethazards,74.3985,-1796.2119,stage1
test/t6/1352.png,streethazards,83.6759,-1876.3229,stage1
test/t6/1353.png,streethazards,92.0795,-2109.3921,stage1
test/t6/1354.png,streethazards,40.3243,-2054.7864,stage2
test/t6/1355.png,streethazards,34.0191,-1781.4358,stage2
test/t6/1356.png,streethazards,62.2939,-2113.6086,stage2
test/t6/1357.png,streethazards,31.5205,-1886.451,stage2
test/t6/1358.png,streethazards,101.2538,-1891.7838,stage1
test/t6/1359.png,streethazards,92.4616,-1723.7627,stage1
test/t6/1360.png,streethazards,90.9202,-2309.9377,stage1
test/t6/1361.png,streethazards,92.5145,-1732.2002,stage1
test/t6/1362.png,streethazards,84.8623,-2554.7632,stage1
test/t6/1363.png,streethazards,53.8943,-2442.5647,stage2
test/t6/1364.png,streethazards,80.7037,-3099.0632,stage1
test/t6/1365.png,streethazards,86.5617,-1767.12,stage1
test/t6/1366.png,streethazards,45.9157,-2222.1731,stage2
test/t6/1367.png,streethazards,107.8893,-1356.6052,stage1
test/t6/1368.png,streethazards,99.2273,-1608.202,stage1
test/t6/1369.png,streethazards,80.0452,-2341.7705,stage1
test/t6/1370.png,streethazards,57.3568,-2735.2681,stage2
test/t6/1371.png,streethazards,36.923,-9008.29,stage2
test/t6/1372.png,streethazards,46.5242,-10238.5176,stage2
test/t6/1373.png,streethazards,49.8602,-10263.542,stage2
test/t6/1374.png,streethazards,61.7223,-9610.8193,stage2
test/t6/1375.png,streethazards,40.839,-5580.3159,stage2
test/t6/1376.png,streethazards,27.2091,-4160.4463,stage2
test/t6/1377.png,streethazards,24.1721,-3889.1438,stage2
test/t6/1378.png,streethazards,31.1166,-3838.0547,stage2
test/t6/1379.png,streethazards,19.3203,-4086.0742,stage2
test/t6/1380.png,streethazards,15.5833,-4024.5388,stage2
test/t6/1381.png,streethazards,23.0001,-3555.2529,stage2
test/t6/1382.png,streethazards,25.6403,-4613.5566,stage2
test/t6/1383.png,streethazards,6.803,-4279.4009,stage2
test/t6/1384.png,streethazards,12.6984,-4015.0913,stage2
test/t6/1385.png,streethazards,33.7265,-3147.4756,stage2
test/t6/1386.png,streethazards,29.2456,-3363.8347,stage2
test/t6/1387.png,streethazards,35.2625,-2383.3967,stage2
test/t6/1388.png,streethazards,29.1762,-1980.4606,stage2
test/t6/1389.png,streethazards,24.2724,-1774.325,stage2
test/t6/1390.png,streethazards,23.6307,-1997.1804,stage2
test/t6/1391.png,streethazards,22.2581,-1638.6077,stage2
test/t6/1392.png,streethazards,31.563,-1911.9452,stage2
test/t6/1393.png,streethazards,21.7419,-1903.2286,stage2
test/t6/1394.png,streethazards,26.6667,-1917.4792,stage2
test/t6/1395.png,streethazards,22.0044,-2013.2029,stage2
test/t6/1396.png,streethazards,22.5452,-2065.9307,stage2
test/t6/1397.png,streethazards,22.4043,-1969.3547,stage2
test/t6/1398.png,streethazards,24.3765,-2568.3718,stage2
test/t6/1399.png,streethazards,48.9272,-2531.3149,stage2
test/t6/1400.png,streethazards,9.8095,-3949.2935,stage2
test/t6/1401.png,streethazards,18.0484,-4505.0112,stage2
test/t6/1402.png,streethazards,18.2378,-3603.6853,stage2
test/t6/1403.png,streethazards,6.9222,-2981.3994,stage2
test/t6/1404.png,streethazards,6.4175,-2985.7104,stage2
test/t6/1405.png,streethazards,15.8851,-2509.8457,stage2
test/t6/1406.png,streethazards,29.9686,-2478.3032,stage2
test/t6/1407.png,streethazards,21.1272,-2149.6934,stage2
test/t6/1408.png,streethazards,26.3801,-2333.1667,stage2
test/t6/1409.png,streethazards,23.7302,-2444.4705,stage2
test/t6/1410.png,streethazards,17.2077,-2735.5374,stage2
test/t6/1411.png,streethazards,35.2663,-2605.6375,stage2
test/t6/1412.png,streethazards,24.2484,-2218.6995,stage2
test/t6/1413.png,streethazards,39.1701,-2678.3135,stage2
test/t6/1414.png,streethazards,22.2508,-2065.8037,stage2
test/t6/1415.png,streethazards,18.8389,-2722.5642,stage2
test/t6/1416.png,streethazards,139.3141,-3285.1594,stage1
test/t6/1417.png,streethazards,172.6342,-3849.8472,stage1
test/t6/1418.png,streethazards,220.9744,-3332.0029,stage1
test/t6/1419.png,streethazards,122.934,-2621.1372,stage1
test/t6/1420.png,streethazards,84.7213,-2954.8772,stage1
test/t6/1421.png,streethazards,91.856,-3772.6033,stage1
test/t6/1422.png,streethazards,225.1476,-2092.6082,stage1
test/t6/1423.png,streethazards,222.9526,-3460.1885,stage1
test/t6/1424.png,streethazards,102.778,-3507.8145,stage1
test/t6/1425.png,streethazards,163.1325,-1973.2745,stage1
test/t6/1426.png,streethazards,131.8716,-2286.1641,stage1
test/t6/1427.png,streethazards,151.6393,-2264.8162,stage1
test/t6/1428.png,streethazards,144.0689,-2225.8394,stage1
test/t6/1429.png,streethazards,118.4989,-1737.5847,stage1
test/t6/1430.png,streethazards,90.26,-1959.2598,stage1
test/t6/1431.png,streethazards,166.7715,-2090.7756,stage1
test/t6/1432.png,streethazards,140.4308,-2427.8218,stage1
test/t6/1433.png,streethazards,110.1069,-3044.5164,stage1
test/t6/1434.png,streethazards,137.0522,-2602.3213,stage1
test/t6/1435.png,streethazards,158.9773,-3179.8667,stage1
test/t6/1436.png,streethazards,79.9602,-2607.5291,stage1
test/t6/1437.png,streethazards,210.4951,-3160.6853,stage1
test/t6/1438.png,streethazards,177.4492,-2653.1155,stage1
test/t6/1439.png,streethazards,159.9197,-2106.3142,stage1
test/t6/1440.png,streethazards,161.8735,-2048.739,stage1
test/t6/1441.png,streethazards,202.7764,-1837.5513,stage1
test/t6/1442.png,streethazards,101.6449,-1846.0209,stage1
test/t6/1443.png,streethazards,82.3849,-1978.6696,stage1
test/t6/1444.png,streethazards,132.851,-2316.5039,stage1
test/t6/1445.png,streethazards,78.3258,-2661.4536,stage1
test/t6/1446.png,streethazards,154.1198,-2530.4448,stage1
test/t6/1447.png,streethazards,146.9797,-2467.6021,stage1
test/t6/1448.png,streethazards,88.8233,-2531.0884,stage1
test/t6/1449.png,streethazards,122.4956,-2591.8665,stage1
test/t6/1450.png,streethazards,119.7461,-2881.1758,stage1
test/t6/1451.png,streethazards,83.2722,-2439.071,stage1
test/t6/1452.png,streethazards,101.3772,-3680.6968,stage1
test/t6/1453.png,streethazards,119.2583,-2753.5591,stage1
test/t6/1454.png,streethazards,124.941,-2745.4785,stage1
test/t6/1455.png,streethazards,92.7486,-2537.1365,stage1
test/t6/1456.png,streethazards,68.6021,-3320.7336,stage2
test/t6/1457.png,streethazards,48.7835,-3150.0017,stage2
test/t6/1458.png,streethazards,128.7597,-4143.75,stage1
test/t6/1459.png,streethazards,145.0952,-3163.6968,stage1
test/t6/1460.png,streethazards,164.0174,-3863.2051,stage1
test/t6/1461.png,streethazards,142.1051,-4112.7534,stage1
test/t6/1462.png,streethazards,173.4525,-2767.782,stage1
test/t6/1463.png,streethazards,107.4964,-3000.7507,stage1
test/t6/1464.png,streethazards,152.9636,-3206.1001,stage1
test/t6/1465.png,streethazards,250.2874,-1474.634,stage1
test/t6/1466.png,streethazards,153.4791,-2274.8093,stage1
test/t6/1467.png,streethazards,34.3604,-2059.481,stage2
test/t6/1468.png,streethazards,15.2381,-2055.1267,stage2
test/t6/1469.png,streethazards,10.3536,-1002.9509,pass
test/t6/1470.png,streethazards,5.5558,-1576.5248,stage2
test/t6/1471.png,streethazards,29.3558,-1304.2494,pass
test/t6/1472.png,streethazards,35.2463,-1684.973,stage2
test/t6/1473.png,streethazards,46.5533,-1834.2062,stage2
test/t6/1474.png,streethazards,21.9656,-1934.9783,stage2
test/t6/1475.png,streethazards,35.7953,-1895.7571,stage2
test/t6/1476.png,streethazards,9.9963,-7165.6309,stage2
test/t6/1477.png,streethazards,27.8201,-2079.7087,stage2
test/t6/1478.png,streethazards,19.7047,-1736.3536,stage2
test/t6/1479.png,streethazards,27.409,-2985.6421,stage2
test/t6/1480.png,streethazards,138.2513,-1579.5071,stage1
test/t6/1481.png,streethazards,167.0242,-1868.3654,stage1
test/t6/1482.png,streethazards,161.3196,-1155.4008,stage1
test/t6/1483.png,streethazards,118.0572,-1216.3264,stage1
test/t6/1484.png,streethazards,100.9938,-1211.677,stage1
test/t6/1485.png,streethazards,106.6791,-1167.8337,stage1
test/t6/1486.png,streethazards,125.896,-2354.1477,stage1
test/t6/1487.png,streethazards,126.4735,-2697.3386,stage1
test/t6/1488.png,streethazards,125.3226,-2445.998,stage1
test/t6/1489.png,streethazards,117.5753,-2132.6594,stage1
test/t6/1490.png,streethazards,22.5018,-3728.6812,stage2
test/t6/1491.png,streethazards,73.3638,-2040.3107,stage1
test/t6/1492.png,streethazards,128.0441,-2433.9856,stage1
test/t6/1493.png,streethazards,110.8363,-1858.4929,stage1
test/t6/1494.png,streethazards,183.338,-1315.2448,stage1
test/t6/1495.png,streethazards,181.0303,-1215.6,stage1
test/t6/1496.png,streethazards,102.7168,-3528.314,stage1
test/t6/1497.png,streethazards,148.9224,-3408.0464,stage1
test/t6/1498.png,streethazards,184.1615,-2568.3013,stage1
test/t6/1499.png,streethazards,149.3951,-2689.6057,stage1
test/t6/1500.png,streethazards,123.689,-2230.0137,stage1
